{"stats":{"minecraft:picked_up":{"minecraft:stick":9,"minecraft:crafting_table":4,"minecraft:feather":6,"minecraft:chicken":3,"minecraft:spruce_sapling":12,"minecraft:spruce_log":61,"minecraft:rotten_flesh":3,"minecraft:spruce_planks":6,"minecraft:crossbow":1,"minecraft:cobblestone":22},"minecraft:dropped":{"minecraft:potato":1,"minecraft:wooden_axe":1,"mcdw:hammer_great_hammer":1,"minecraft:leather_boots":1,"minecraft:iron_helmet":1,"minecraft:rotten_flesh":1,"minecraft:wooden_sword":1,"minecraft:iron_boots":1,"minecraft:wooden_pickaxe":1,"minecraft:spruce_sapling":11,"minecraft:pufferfish":1},"minecraft:crafted":{"minecraft:cooked_chicken":2,"minecraft:stone_sword":1,"minecraft:crafting_table":1,"minecraft:spruce_planks":244,"minecraft:stick":4,"minecraft:stone_pickaxe":1,"minecraft:wooden_pickaxe":1,"minecraft:wooden_axe":2,"minecraft:furnace":1,"minecraft:stone_axe":1,"minecraft:air":0},"minecraft:mined":{"minecraft:spruce_planks":6,"minecraft:spruce_log":74,"minecraft:crafting_table":4,"minecraft:cobblestone":12,"minecraft:stone":11},"minecraft:used":{"minecraft:wooden_axe":83,"minecraft:bread":9,"minecraft:stone_pickaxe":20,"minecraft:wooden_pickaxe":3,"minecraft:spruce_planks":75,"minecraft:shield":10,"minecraft:iron_boots":1,"minecraft:spruce_sapling":1,"minecraft:cooked_salmon":1,"minecraft:rotten_flesh":2,"minecraft:stone_axe":1,"minecraft:salmon":1,"minecraft:wooden_sword":43,"minecraft:crafting_table":5,"minecraft:furnace":1,"minecraft:cod":2,"mcdw:hammer_great_hammer":4},"minecraft:broken":{"minecraft:wooden_axe":1},"minecraft:custom":{"minecraft:time_since_rest":27875,"minecraft:interact_with_furnace":6,"minecraft:sprint_one_cm":39191,"minecraft:damage_taken":627,"minecraft:walk_one_cm":43063,"minecraft:damage_blocked_by_shield":230,"minecraft:mob_kills":5,"minecraft:drop":12,"minecraft:damage_dealt":910,"minecraft:interact_with_crafting_table":7,"minecraft:swim_one_cm":2992,"minecraft:fly_one_cm":72473,"minecraft:open_barrel":3,"minecraft:open_chest":2,"minecraft:crouch_one_cm":4641,"minecraft:play_time":27875,"minecraft:sneak_time":1381,"minecraft:walk_under_water_one_cm":2520,"minecraft:jump":487,"minecraft:leave_game":1,"minecraft:time_since_death":27875,"minecraft:walk_on_water_one_cm":2098,"minecraft:total_world_time":27875,"minecraft:fall_one_cm":12349},"minecraft:killed":{"minecraft:pillager":1,"minecraft:zombie":1,"minecraft:chicken":3}},"DataVersion":3465}