{"stats":{"minecraft:picked_up":{"minecraft:crafting_table":6,"minecraft:feather":6,"minecraft:chicken":3,"minecraft:leather":3,"minecraft:spruce_planks":6,"minecraft:beef":10,"minecraft:cooked_chicken":1,"minecraft:furnace":2,"minecraft:stick":9,"minecraft:raw_iron":1,"minecraft:porkchop":2,"minecraft:spruce_sapling":12,"minecraft:spruce_log":61,"paladins:iron_kite_shield":1,"minecraft:rotten_flesh":5,"minecraft:peony":1,"minecraft:crossbow":1,"minecraft:mutton":4,"minecraft:coal":2,"minecraft:white_wool":3,"minecraft:cobblestone":27},"minecraft:dropped":{"minecraft:stone_sword":1,"minecraft:iron_helmet":1,"minecraft:rotten_flesh":3,"minecraft:iron_boots":1,"minecraft:pufferfish":1,"minecraft:potato":1,"minecraft:shield":1,"minecraft:wooden_axe":1,"mcdw:hammer_great_hammer":1,"minecraft:leather_boots":1,"minecraft:wooden_sword":1,"minecraft:wooden_pickaxe":1,"minecraft:spruce_sapling":11},"minecraft:mined":{"minecraft:spruce_planks":6,"minecraft:crafting_table":6,"minecraft:cobblestone":14,"minecraft:furnace":2,"minecraft:spruce_log":74,"minecraft:peony":1,"minecraft:coal_ore":1,"minecraft:deepslate_iron_ore":1,"minecraft:stone":14},"minecraft:used":{"minecraft:peony":1,"minecraft:stone_sword":41,"minecraft:stone_pickaxe":29,"minecraft:shield":11,"minecraft:spruce_planks":75,"minecraft:wooden_pickaxe":3,"rogues:iron_double_axe":31,"minecraft:cooked_salmon":1,"minecraft:rotten_flesh":2,"minecraft:cooked_chicken":3,"minecraft:salmon":1,"minecraft:crafting_table":6,"minecraft:cod":2,"minecraft:spruce_boat":1,"minecraft:wooden_axe":83,"minecraft:bread":9,"minecraft:iron_boots":1,"minecraft:spruce_sapling":1,"minecraft:stone_axe":3,"minecraft:wooden_sword":43,"minecraft:cobblestone":6,"minecraft:furnace":2,"minecraft:cooked_porkchop":2,"minecraft:cooked_beef":1,"mcdw:hammer_great_hammer":4},"minecraft:crafted":{"minecraft:cooked_beef":2,"minecraft:cooked_porkchop":2,"minecraft:crafting_table":1,"minecraft:spruce_planks":244,"minecraft:wooden_pickaxe":1,"minecraft:cooked_chicken":2,"minecraft:furnace":1,"minecraft:stone_axe":1,"minecraft:air":0,"minecraft:stick":4,"minecraft:stone_pickaxe":1,"minecraft:wooden_axe":2,"minecraft:stone_sword":1,"minecraft:spruce_boat":1},"minecraft:broken":{"minecraft:wooden_axe":1},"minecraft:custom":{"minecraft:interact_with_furnace":11,"minecraft:mob_kills":15,"minecraft:interact_with_crafting_table":8,"minecraft:open_barrel":9,"minecraft:leave_game":2,"minecraft:time_since_death":40259,"minecraft:climb_one_cm":198,"minecraft:time_since_rest":40259,"minecraft:sprint_one_cm":75306,"minecraft:walk_one_cm":76154,"minecraft:damage_taken":986,"minecraft:damage_blocked_by_shield":255,"minecraft:drop":16,"minecraft:damage_dealt":3095,"minecraft:swim_one_cm":12974,"minecraft:fly_one_cm":122998,"minecraft:open_chest":2,"minecraft:crouch_one_cm":4844,"minecraft:play_time":40259,"minecraft:sneak_time":1690,"minecraft:walk_under_water_one_cm":17950,"minecraft:boat_one_cm":22738,"minecraft:jump":775,"minecraft:walk_on_water_one_cm":6867,"minecraft:total_world_time":40259,"minecraft:fall_one_cm":21837},"minecraft:killed":{"minecraft:sheep":3,"minecraft:pillager":1,"minecraft:zombie":3,"minecraft:chicken":3,"minecraft:drowned":1,"minecraft:cow":4}},"DataVersion":3465}