{"stats":{"minecraft:picked_up":{"minecraft:stick":4,"minecraft:crafting_table":1,"minecraft:rotten_flesh":1,"minecraft:spruce_planks":2,"minecraft:spruce_sapling":3,"minecraft:spruce_log":30},"minecraft:dropped":{"minecraft:rotten_flesh":1,"minecraft:spruce_sapling":2},"minecraft:crafted":{"minecraft:crafting_table":1,"minecraft:spruce_planks":120,"minecraft:stick":4,"minecraft:wooden_axe":1},"minecraft:mined":{"minecraft:spruce_planks":2,"minecraft:spruce_log":31,"minecraft:crafting_table":1},"minecraft:used":{"minecraft:wooden_axe":32,"minecraft:wooden_sword":10,"minecraft:crafting_table":1,"minecraft:bread":3,"minecraft:spruce_planks":31,"minecraft:spruce_sapling":1},"minecraft:custom":{"minecraft:time_since_rest":15875,"minecraft:crouch_one_cm":894,"minecraft:play_time":15875,"minecraft:sprint_one_cm":10099,"minecraft:damage_taken":145,"minecraft:walk_one_cm":10197,"minecraft:sneak_time":293,"minecraft:walk_under_water_one_cm":128,"minecraft:mob_kills":1,"minecraft:drop":2,"minecraft:jump":162,"minecraft:damage_dealt":198,"minecraft:walk_on_water_one_cm":127,"minecraft:leave_game":1,"minecraft:time_since_death":15875,"minecraft:total_world_time":15875,"minecraft:swim_one_cm":1709,"minecraft:fall_one_cm":5491,"minecraft:interact_with_crafting_table":1,"minecraft:fly_one_cm":23368},"minecraft:killed":{"minecraft:zombie":1}},"DataVersion":3465}