{"stats":{"minecraft:mined":{"minecraft:spruce_planks":48,"minecraft:brewing_stand":1,"minecraft:allium":1,"minecraft:grass_block":1,"minecraft:coal_block":8,"minecraft:spruce_leaves":10,"minecraft:large_fern":3,"minecraft:furnace":15,"minecraft:cobbled_deepslate":1,"minecraft:iron_ore":69,"minecraft:fire":79,"minecraft:fletching_table":6,"minecraft:peony":2,"create:asurine":1,"minecraft:bookshelf":36,"minecraft:deepslate_iron_ore":1,"minecraft:oak_stairs":1,"minecraft:stone":72,"minecraft:oak_slab":3,"minecraft:brown_mushroom":1,"minecraft:smoker":2,"minecraft:crafting_table":20,"minecraft:oak_wood":54,"minecraft:campfire":6,"minecraft:lectern":1,"minecraft:stone_slab":1,"minecraft:sugar_cane":6,"minecraft:cobblestone":31,"minecraft:deepslate_coal_ore":6,"minecraft:lapis_ore":1,"minecraft:oak_planks":27,"spell_engine:spell_binding":1,"minecraft:spruce_log":134,"minecraft:birch_leaves":1,"minecraft:grass":5,"minecraft:oak_log":29,"minecraft:coal_ore":95,"minecraft:gravel":184,"minecraft:cobweb":3,"minecraft:stone_bricks":2,"minecraft:gold_ore":3,"minecraft:oak_leaves":2},"minecraft:custom":{"minecraft:mob_kills":126,"minecraft:interact_with_crafting_table":58,"minecraft:open_barrel":19,"minecraft:leave_game":3,"minecraft:time_since_death":100493,"minecraft:climb_one_cm":9082,"minecraft:sprint_one_cm":382895,"minecraft:walk_one_cm":500534,"minecraft:damage_blocked_by_shield":660,"minecraft:drop":81,"minecraft:damage_dealt_absorbed":40,"minecraft:talked_to_villager":12,"minecraft:play_time":253991,"minecraft:sneak_time":16192,"minecraft:deaths":1,"minecraft:walk_under_water_one_cm":44623,"minecraft:interact_with_lectern":2,"minecraft:boat_one_cm":80795,"minecraft:jump":4267,"minecraft:interact_with_brewingstand":1,"minecraft:walk_on_water_one_cm":46675,"minecraft:total_world_time":253991,"minecraft:interact_with_furnace":110,"minecraft:sleep_in_bed":3,"minecraft:time_since_rest":101434,"minecraft:damage_taken":4749,"minecraft:damage_dealt":19210,"minecraft:swim_one_cm":39583,"minecraft:fly_one_cm":702515,"minecraft:open_chest":29,"minecraft:crouch_one_cm":63435,"minecraft:interact_with_smoker":6,"minecraft:fall_one_cm":118414},"minecraft:used":{"minecraft:peony":2,"minecraft:iron_bars":2,"minecraft:stone_sword":41,"minecraft:stone_shovel":183,"minecraft:spruce_planks":337,"minecraft:shield":11,"mcdw:sword_beestinger":103,"minecraft:iron_sword":187,"minecraft:cooked_salmon":1,"minecraft:cooked_chicken":17,"minecraft:rotten_flesh":2,"minecraft:iron_chestplate":1,"minecraft:torch":9,"naturalist:cooked_venison":3,"minecraft:dirt":1,"farmersdelight:beef_patty":3,"minecraft:spruce_boat":2,"minecraft:wooden_axe":83,"minecraft:lantern":2,"minecraft:iron_axe":68,"minecraft:oak_stairs":1,"minecraft:iron_boots":1,"minecraft:stone_bricks":2,"minecraft:item_frame":2,"minecraft:bow":57,"rogues:iron_glaive":105,"minecraft:oak_sapling":1,"minecraft:furnace":13,"minecraft:egg":6,"comforts:sleeping_bag_white":2,"minecraft:cooked_beef":7,"minecraft:iron_leggings":1,"minecraft:cooked_mutton":7,"minecraft:water_bucket":2,"simplyswords:gold_glaive":8,"minecraft:oak_planks":136,"minecraft:stone_pickaxe":131,"minecraft:wooden_pickaxe":3,"rogues:iron_double_axe":180,"minecraft:fletching_table":6,"minecraft:salmon":1,"rogues:iron_sickle":19,"minecraft:oak_slab":3,"minecraft:crafting_table":21,"minecraft:crossbow":48,"minecraft:cod":3,"paladins:iron_kite_shield":10,"minecraft:smoker":1,"minecraft:apple":5,"minecraft:chicken":1,"minecraft:bread":15,"minecraft:iron_pickaxe":176,"minecraft:stone_slab":1,"create:asurine":1,"minecraft:spruce_sapling":1,"minecraft:gravel":167,"minecraft:stone_axe":242,"minecraft:wooden_sword":43,"minecraft:cobblestone":73,"minecraft:cooked_porkchop":17,"minecraft:cooked_rabbit":1,"minecraft:bucket":2,"mcdw:hammer_great_hammer":4,"minecraft:experience_bottle":1},"minecraft:crafted":{"minecraft:oak_planks":324,"minecraft:stone_shovel":2,"naturalist:cooked_venison":2,"mcdw:sword_beestinger":1,"minecraft:iron_nugget":9,"comforts:sleeping_bag_white":1,"minecraft:cooked_chicken":16,"minecraft:furnace":2,"minecraft:cooked_mutton":13,"minecraft:bow":1,"minecraft:iron_axe":1,"minecraft:stone_pickaxe":1,"minecraft:chest":2,"minecraft:spruce_boat":1,"minecraft:cooked_rabbit":4,"sophisticatedbackpacks:iron_backpack":3,"minecraft:cooked_beef":18,"farmersdelight:cooked_mutton_chops":7,"minecraft:arrow":72,"sophisticatedbackpacks:backpack":2,"minecraft:cooked_porkchop":17,"minecraft:crafting_table":2,"minecraft:spruce_planks":436,"minecraft:iron_helmet":2,"minecraft:wooden_pickaxe":1,"sophisticatedbackpacks:gold_backpack":1,"minecraft:fletching_table":1,"minecraft:stone_axe":2,"farmersdelight:beef_patty":3,"minecraft:air":0,"minecraft:blue_dye":1,"minecraft:iron_chestplate":2,"minecraft:stick":48,"minecraft:iron_ingot":56,"minecraft:wooden_axe":2,"minecraft:iron_pickaxe":2,"minecraft:stone_sword":1,"mcdw:sword_rapier":1,"minecraft:gold_ingot":7,"minecraft:iron_leggings":2,"minecraft:torch":64},"minecraft:killed":{"graveyard:corrupted_vindicator":3,"graveyard:revenant":2,"minecraft:spider":6,"minecraft:cod":1,"graveyard:wraith":10,"naturalist:boar":4,"minecraft:skeleton":25,"naturalist:deer":2,"minecraft:bee":1,"minecraft:chicken":20,"minecraft:drowned":1,"minecraft:pig":4,"graveyard:ghoul":2,"creeperoverhaul:spruce_creeper":1,"naturalist:lizard_tail":1,"minecraft:creeper":1,"minecraft:sheep":4,"minecraft:pillager":6,"minecraft:zombie":19,"naturalist:lizard":1,"graveyard:corrupted_pillager":1,"minecraft:cow":8},"minecraft:broken":{"minecraft:stone_pickaxe":1,"minecraft:stone_axe":1,"minecraft:wooden_axe":1},"minecraft:picked_up":{"minecraft:charcoal":19,"minecraft:crafting_table":21,"minecraft:allium":1,"minecraft:chicken":23,"naturalist:venison":3,"minecraft:stone_slab":1,"minecraft:oak_stairs":1,"minecraft:brewing_stand":1,"minecraft:string":16,"minecraft:item_frame":3,"minecraft:experience_bottle":1,"graveyard:corruption":1,"minecraft:cobbled_deepslate":1,"comforts:sleeping_bag_white":2,"minecraft:spruce_planks":47,"minecraft:beef":25,"mcdw:item_bee_stinger":1,"minecraft:lectern":1,"minecraft:sugar_cane":12,"minecraft:coal_block":8,"minecraft:furnace":15,"minecraft:egg":7,"minecraft:stick":22,"minecraft:raw_iron":70,"minecraft:torch":1,"sophisticatedbackpacks:backpack":1,"minecraft:porkchop":17,"minecraft:arrow":23,"minecraft:rotten_flesh":12,"minecraft:peony":2,"spell_engine:spell_binding":1,"create:asurine":1,"minecraft:iron_bars":2,"minecraft:mutton":13,"minecraft:cod":1,"minecraft:skeleton_skull":2,"minecraft:white_wool":5,"minecraft:cobblestone":102,"minecraft:feather":24,"minecraft:medium_amethyst_bud":4,"minecraft:filled_map":1,"minecraft:leather":10,"minecraft:smoker":2,"minecraft:potato":9,"minecraft:flint":14,"minecraft:oak_log":28,"minecraft:gunpowder":2,"minecraft:lapis_lazuli":5,"naturalist:lizard_tail":1,"minecraft:dirt":1,"minecraft:lantern":3,"minecraft:cooked_mutton":1,"minecraft:bone":24,"minecraft:stone_bricks":2,"minecraft:bow":2,"minecraft:wheat_seeds":1,"minecraft:raw_gold":3,"minecraft:iron_ingot":1,"minecraft:cooked_chicken":1,"minecraft:rabbit":2,"minecraft:fletching_table":6,"minecraft:iron_sword":1,"minecraft:oak_planks":28,"minecraft:book":108,"minecraft:oak_slab":3,"naturalist:cooked_venison":1,"minecraft:cooked_porkchop":1,"patchouli:guide_book":1,"minecraft:gravel":170,"minecraft:spruce_sapling":16,"minecraft:spider_eye":2,"minecraft:spruce_log":109,"minecraft:leather_helmet":1,"paladins:iron_kite_shield":1,"minecraft:oak_wood":53,"naturalist:antler":1,"minecraft:spruce_boat":1,"minecraft:iron_helmet":1,"minecraft:crossbow":1,"minecraft:bread":1,"minecraft:oak_sapling":3,"minecraft:coal":442},"minecraft:dropped":{"sophisticatedbackpacks:iron_backpack":1,"naturalist:lizard_tail":1,"minecraft:iron_sword":2,"naturalist:antler":1,"minecraft:wheat_seeds":1,"minecraft:lapis_lazuli":4,"minecraft:crafting_table":1,"minecraft:cookie":1,"minecraft:iron_helmet":2,"minecraft:lantern":1,"minecraft:leather":3,"graveyard:corruption":1,"minecraft:leather_helmet":1,"minecraft:pufferfish":1,"wizards:frost_robe_chest":1,"minecraft:wooden_axe":1,"mcdw:hammer_great_hammer":1,"minecraft:wooden_sword":1,"farmersdelight:cooked_mutton_chops":7,"minecraft:string":3,"archers:archer_armor_feet":1,"minecraft:white_wool":2,"minecraft:bone":17,"minecraft:spruce_sapling":15,"minecraft:redstone":3,"minecraft:gravel":3,"minecraft:stone_axe":1,"minecraft:iron_nugget":4,"minecraft:stone_sword":1,"minecraft:stone_shovel":2,"minecraft:chicken":1,"minecraft:rotten_flesh":10,"minecraft:oak_planks":65,"minecraft:iron_boots":2,"sophisticatedbackpacks:backpack":1,"minecraft:pumpkin_seeds":1,"patchouli:guide_book":3,"minecraft:filled_map":1,"minecraft:potato":1,"minecraft:shield":1,"farmersdelight:flint_knife":1,"minecraft:gunpowder":4,"minecraft:allium":1,"minecraft:skeleton_skull":2,"minecraft:charcoal":11,"minecraft:leather_boots":1,"minecraft:oak_sapling":2,"minecraft:spider_eye":2,"minecraft:arrow":1,"minecraft:wooden_pickaxe":1,"minecraft:medium_amethyst_bud":4}},"DataVersion":3465}