{"stats":{"minecraft:mined":{"minecraft:spruce_planks":47,"minecraft:brewing_stand":1,"minecraft:allium":1,"minecraft:grass_block":1,"minecraft:spruce_leaves":10,"minecraft:large_fern":3,"minecraft:furnace":10,"minecraft:iron_ore":56,"minecraft:fire":79,"minecraft:fletching_table":6,"minecraft:peony":2,"create:asurine":1,"minecraft:bookshelf":36,"minecraft:deepslate_iron_ore":1,"minecraft:stone":63,"minecraft:brown_mushroom":1,"minecraft:crafting_table":17,"minecraft:lectern":1,"minecraft:stone_slab":1,"minecraft:cobblestone":27,"minecraft:deepslate_coal_ore":6,"minecraft:lapis_ore":1,"minecraft:oak_planks":27,"spell_engine:spell_binding":1,"minecraft:spruce_log":134,"minecraft:birch_leaves":1,"minecraft:grass":5,"minecraft:oak_log":29,"minecraft:coal_ore":95,"minecraft:gravel":184,"minecraft:oak_leaves":2},"minecraft:custom":{"minecraft:mob_kills":81,"minecraft:interact_with_crafting_table":48,"minecraft:open_barrel":13,"minecraft:leave_game":3,"minecraft:time_since_death":52493,"minecraft:climb_one_cm":584,"minecraft:sprint_one_cm":320604,"minecraft:walk_one_cm":367550,"minecraft:damage_blocked_by_shield":625,"minecraft:drop":57,"minecraft:damage_dealt_absorbed":40,"minecraft:talked_to_villager":2,"minecraft:play_time":205991,"minecraft:sneak_time":14928,"minecraft:deaths":1,"minecraft:walk_under_water_one_cm":43533,"minecraft:boat_one_cm":80795,"minecraft:jump":3592,"minecraft:interact_with_brewingstand":1,"minecraft:walk_on_water_one_cm":44069,"minecraft:total_world_time":205991,"minecraft:interact_with_furnace":91,"minecraft:sleep_in_bed":3,"minecraft:time_since_rest":53434,"minecraft:damage_taken":3288,"minecraft:damage_dealt":11449,"minecraft:swim_one_cm":36495,"minecraft:fly_one_cm":621871,"minecraft:open_chest":9,"minecraft:crouch_one_cm":59723,"minecraft:fall_one_cm":104032},"minecraft:used":{"minecraft:peony":2,"minecraft:stone_sword":41,"minecraft:stone_shovel":183,"minecraft:spruce_planks":312,"minecraft:shield":11,"minecraft:iron_sword":142,"minecraft:cooked_salmon":1,"minecraft:cooked_chicken":9,"minecraft:rotten_flesh":2,"minecraft:iron_chestplate":1,"minecraft:torch":2,"naturalist:cooked_venison":3,"minecraft:dirt":1,"farmersdelight:beef_patty":3,"minecraft:spruce_boat":2,"minecraft:wooden_axe":83,"minecraft:lantern":1,"minecraft:iron_boots":1,"minecraft:bow":36,"minecraft:oak_sapling":1,"minecraft:furnace":12,"minecraft:egg":6,"comforts:sleeping_bag_white":2,"minecraft:cooked_beef":7,"minecraft:cooked_mutton":7,"minecraft:oak_planks":135,"minecraft:stone_pickaxe":131,"minecraft:wooden_pickaxe":3,"rogues:iron_double_axe":153,"minecraft:fletching_table":6,"minecraft:salmon":1,"minecraft:crafting_table":19,"minecraft:crossbow":26,"minecraft:cod":3,"paladins:iron_kite_shield":9,"minecraft:chicken":1,"minecraft:bread":9,"minecraft:iron_pickaxe":129,"minecraft:stone_slab":1,"create:asurine":1,"minecraft:spruce_sapling":1,"minecraft:gravel":167,"minecraft:stone_axe":242,"minecraft:wooden_sword":43,"minecraft:cobblestone":49,"minecraft:cooked_porkchop":12,"mcdw:hammer_great_hammer":4},"minecraft:crafted":{"minecraft:oak_planks":112,"minecraft:stone_shovel":2,"naturalist:cooked_venison":2,"comforts:sleeping_bag_white":1,"minecraft:cooked_chicken":9,"minecraft:furnace":2,"minecraft:cooked_mutton":7,"minecraft:bow":1,"minecraft:stone_pickaxe":1,"minecraft:chest":2,"minecraft:spruce_boat":1,"sophisticatedbackpacks:iron_backpack":2,"minecraft:cooked_beef":7,"farmersdelight:cooked_mutton_chops":7,"minecraft:arrow":72,"sophisticatedbackpacks:backpack":2,"minecraft:cooked_porkchop":11,"minecraft:crafting_table":2,"minecraft:spruce_planks":436,"minecraft:iron_helmet":1,"minecraft:wooden_pickaxe":1,"minecraft:fletching_table":1,"minecraft:stone_axe":2,"farmersdelight:beef_patty":3,"minecraft:air":0,"minecraft:blue_dye":1,"minecraft:iron_chestplate":2,"minecraft:stick":20,"minecraft:iron_ingot":37,"minecraft:wooden_axe":2,"minecraft:iron_pickaxe":1,"minecraft:stone_sword":1,"minecraft:iron_leggings":1},"minecraft:killed":{"graveyard:revenant":2,"minecraft:spider":3,"minecraft:cod":1,"naturalist:boar":4,"minecraft:skeleton":12,"naturalist:deer":2,"minecraft:bee":1,"minecraft:chicken":20,"minecraft:drowned":1,"graveyard:ghoul":2,"creeperoverhaul:spruce_creeper":1,"naturalist:lizard_tail":1,"minecraft:sheep":4,"minecraft:pillager":6,"minecraft:zombie":13,"naturalist:lizard":1,"minecraft:cow":4},"minecraft:broken":{"minecraft:stone_pickaxe":1,"minecraft:stone_axe":1,"minecraft:wooden_axe":1},"minecraft:picked_up":{"minecraft:crafting_table":17,"minecraft:allium":1,"minecraft:chicken":20,"naturalist:venison":3,"minecraft:stone_slab":1,"minecraft:brewing_stand":1,"minecraft:string":9,"comforts:sleeping_bag_white":2,"minecraft:spruce_planks":46,"minecraft:beef":14,"mcdw:item_bee_stinger":1,"minecraft:lectern":1,"minecraft:furnace":10,"minecraft:egg":7,"minecraft:stick":22,"minecraft:raw_iron":57,"minecraft:porkchop":11,"minecraft:arrow":9,"minecraft:rotten_flesh":10,"minecraft:peony":2,"spell_engine:spell_binding":1,"create:asurine":1,"minecraft:mutton":7,"minecraft:cod":1,"minecraft:skeleton_skull":1,"minecraft:white_wool":5,"minecraft:cobblestone":89,"minecraft:feather":24,"minecraft:leather":6,"minecraft:flint":14,"minecraft:oak_log":28,"minecraft:gunpowder":2,"minecraft:lapis_lazuli":5,"naturalist:lizard_tail":1,"minecraft:dirt":1,"minecraft:lantern":2,"minecraft:bone":16,"minecraft:wheat_seeds":1,"minecraft:iron_ingot":1,"minecraft:cooked_chicken":1,"minecraft:fletching_table":6,"minecraft:iron_sword":1,"minecraft:oak_planks":28,"minecraft:book":108,"naturalist:cooked_venison":1,"minecraft:cooked_porkchop":1,"patchouli:guide_book":1,"minecraft:gravel":170,"minecraft:spruce_sapling":16,"minecraft:spruce_log":109,"minecraft:leather_helmet":1,"paladins:iron_kite_shield":1,"naturalist:antler":1,"minecraft:spruce_boat":1,"minecraft:iron_helmet":1,"minecraft:crossbow":1,"minecraft:oak_sapling":3,"minecraft:coal":362},"minecraft:dropped":{"naturalist:lizard_tail":1,"minecraft:iron_sword":1,"naturalist:antler":1,"minecraft:wheat_seeds":1,"minecraft:lapis_lazuli":4,"minecraft:cookie":1,"minecraft:iron_helmet":2,"minecraft:lantern":1,"minecraft:leather":3,"minecraft:leather_helmet":1,"minecraft:pufferfish":1,"minecraft:wooden_axe":1,"mcdw:hammer_great_hammer":1,"minecraft:wooden_sword":1,"farmersdelight:cooked_mutton_chops":7,"minecraft:white_wool":2,"minecraft:spruce_sapling":15,"minecraft:redstone":3,"minecraft:gravel":3,"minecraft:stone_sword":1,"minecraft:stone_shovel":1,"minecraft:chicken":1,"minecraft:rotten_flesh":8,"minecraft:oak_planks":1,"minecraft:iron_boots":2,"sophisticatedbackpacks:backpack":1,"minecraft:pumpkin_seeds":1,"patchouli:guide_book":3,"minecraft:potato":1,"minecraft:shield":1,"farmersdelight:flint_knife":1,"minecraft:gunpowder":4,"minecraft:allium":1,"minecraft:skeleton_skull":1,"minecraft:leather_boots":1,"minecraft:oak_sapling":2,"minecraft:arrow":1,"minecraft:wooden_pickaxe":1}},"DataVersion":3465}