{"stats":{"minecraft:crafted":{"minecraft:stick":8,"minecraft:crafting_table":1,"minecraft:spruce_planks":56,"minecraft:wooden_pickaxe":1},"minecraft:mined":{"minecraft:coal_ore":1,"minecraft:spruce_leaves":27,"minecraft:spruce_log":14},"minecraft:killed_by":{"minecraft:zombie":1},"minecraft:custom":{"minecraft:time_since_rest":6398,"minecraft:crouch_one_cm":2120,"minecraft:play_time":15334,"minecraft:sprint_one_cm":22003,"minecraft:deaths":1,"minecraft:damage_taken":315,"minecraft:walk_one_cm":26433,"minecraft:damage_blocked_by_shield":90,"minecraft:sneak_time":574,"minecraft:walk_under_water_one_cm":2076,"minecraft:mob_kills":7,"minecraft:drop":3,"minecraft:jump":193,"minecraft:damage_dealt":1147,"minecraft:walk_on_water_one_cm":2230,"minecraft:leave_game":1,"minecraft:time_since_death":6371,"minecraft:total_world_time":15334,"minecraft:interact_with_crafting_table":1,"minecraft:fall_one_cm":23751,"minecraft:fly_one_cm":44490},"minecraft:killed":{"minecraft:zombie":6,"minecraft:zombie_villager":1},"minecraft:picked_up":{"minecraft:rotten_flesh":6,"minecraft:brown_mushroom":1,"minecraft:spruce_sapling":1,"minecraft:spruce_log":14,"minecraft:coal":1},"minecraft:dropped":{"minecraft:rotten_flesh":3},"minecraft:used":{"minecraft:rotten_flesh":3,"minecraft:wooden_sword":34,"minecraft:crafting_table":1,"minecraft:wooden_pickaxe":1,"minecraft:spruce_planks":2,"minecraft:shield":2,"minecraft:brown_mushroom":1,"minecraft:spruce_sapling":1}},"DataVersion":3465}