{"stats":{"minecraft:killed":{"graveyard:skeleton_creeper":1,"mythicmounts:dragon":2,"minecraft:spider":18,"minecraft:cod":1,"graveyard:wraith":29,"naturalist:boar":4,"minecraft:skeleton":31,"graveyard:acolyte":1,"minecraft:bee":1,"minecraft:chicken":27,"minecraft:silverfish":1,"minecells:leaping_zombie":22,"minecells:grenadier":7,"minecraft:pig":12,"minecraft:creeper":7,"minecraft:sheep":9,"minecraft:pillager":15,"minecraft:zombie":23,"minecells:shieldbearer":8,"graveyard:corrupted_pillager":7,"minecraft:cow":9,"graveyard:corrupted_vindicator":10,"graveyard:revenant":2,"minecells:undead_archer":7,"naturalist:deer":2,"minecraft:drowned":1,"graveyard:ghoul":2,"creeperoverhaul:spruce_creeper":1,"naturalist:lizard_tail":1,"minecraft:bat":1,"naturalist:lizard":1},"minecraft:mined":{"minecraft:spruce_planks":52,"minecraft:brewing_stand":1,"minecraft:budding_amethyst":1,"minecraft:grass_block":2,"minecraft:coal_block":8,"minecraft:spawner":1,"minecraft:iron_ore":77,"minecraft:cobbled_deepslate":4,"minecraft:fire":79,"minecraft:fletching_table":9,"minecraft:deepslate_lapis_ore":6,"create:asurine":1,"minecraft:iron_bars":3,"minecraft:oak_stairs":1,"minecells:wilted_wall_leaves":1,"minecells:prison_bricks":2,"minecraft:brown_mushroom":2,"minecraft:smoker":3,"minecraft:amethyst_cluster":2,"minecraft:torch":3,"minecraft:calcite":3,"minecraft:chest":2,"minecraft:cobblestone":45,"minecraft:sugar_cane":6,"minecraft:oak_planks":31,"minecraft:wall_torch":1,"minecraft:amethyst_block":3,"minecraft:grass":6,"minecraft:cracked_deepslate_tiles":1,"minecraft:oak_log":29,"minecraft:dirt":1,"minecraft:smooth_basalt":2,"minecraft:oak_leaves":2,"minecraft:deepslate":68,"minecraft:mossy_cobblestone":3,"minecraft:allium":1,"minecells:prison_cobblestone":1,"graveyard:tg_deepslate":1,"minecraft:spruce_leaves":12,"minecraft:large_fern":3,"minecraft:furnace":16,"minecraft:peony":2,"minecraft:bookshelf":36,"minecraft:deepslate_iron_ore":1,"minecraft:stone":196,"minecraft:oak_slab":3,"minecraft:crafting_table":26,"minecraft:oak_wood":54,"minecraft:lectern":1,"minecraft:campfire":6,"minecraft:stone_slab":1,"minecraft:copper_ore":1,"minecraft:deepslate_coal_ore":6,"minecraft:lapis_ore":1,"minecraft:deepslate_gold_ore":12,"graveyard:vase_block":3,"spell_engine:spell_binding":1,"minecraft:spruce_log":137,"minecraft:birch_leaves":1,"minecraft:coal_ore":95,"minecraft:gravel":184,"minecraft:cobweb":3,"minecraft:stone_bricks":2,"minecraft:gold_ore":3,"minecraft:infested_stone":2},"minecraft:custom":{"minecraft:interact_with_crafting_table":78,"minecraft:open_barrel":22,"minecraft:leave_game":4,"minecraft:time_since_death":50795,"minecraft:sprint_one_cm":713059,"minecraft:damage_blocked_by_shield":660,"minecraft:drop":146,"minecraft:talked_to_villager":17,"minecraft:play_time":422155,"minecraft:deaths":4,"minecraft:jump":7097,"minecraft:interact_with_brewingstand":1,"minecraft:walk_on_water_one_cm":59090,"minecraft:interact_with_furnace":117,"minecraft:sleep_in_bed":7,"minecraft:damage_dealt":30388,"minecraft:crouch_one_cm":78288,"minecraft:interact_with_smoker":16,"minecraft:mob_kills":266,"minecraft:damage_dealt_resisted":70,"minecraft:climb_one_cm":14046,"minecraft:walk_one_cm":794323,"minecraft:damage_dealt_absorbed":40,"minecraft:sneak_time":21800,"minecraft:walk_under_water_one_cm":53187,"minecraft:boat_one_cm":80795,"minecraft:interact_with_lectern":2,"minecraft:total_world_time":422155,"minecraft:time_since_rest":50822,"minecraft:damage_taken":7656,"minecraft:swim_one_cm":80525,"minecraft:fly_one_cm":1234438,"minecraft:open_chest":178,"minecraft:fall_one_cm":182443},"minecraft:dropped":{"sophisticatedbackpacks:iron_backpack":1,"naturalist:lizard_tail":1,"minecraft:iron_sword":2,"naturalist:antler":1,"minecraft:lapis_lazuli":4,"wizards:staff_wizard":1,"minecraft:crafting_table":1,"minecraft:cookie":1,"minecraft:lantern":1,"minecraft:leather":3,"graveyard:corruption":13,"minecraft:leather_helmet":1,"minecells:infected_flesh":8,"wizards:frost_robe_chest":1,"mcdw:hammer_great_hammer":1,"minecraft:cracked_deepslate_tiles":1,"minecraft:chain":2,"minecraft:wooden_sword":1,"minecraft:gold_nugget":1,"farmersdelight:cooked_mutton_chops":7,"minecraft:amethyst_shard":7,"minecraft:iron_pickaxe":2,"minecraft:white_wool":2,"minecraft:bone":21,"minecraft:gravel":3,"minecraft:stone_axe":1,"minecraft:iron_nugget":4,"minecraft:cobbled_deepslate":22,"minecraft:rotten_flesh":19,"minecraft:oak_planks":65,"patchouli:guide_book":3,"minecraft:gunpowder":11,"minecraft:skeleton_skull":2,"minecraft:charcoal":11,"minecraft:leather_boots":1,"minecraft:iron_bars":2,"minecraft:arrow":1,"minecraft:wheat_seeds":1,"minecraft:mossy_cobblestone":3,"minecraft:iron_helmet":2,"minecraft:cobblestone":13,"minecraft:amethyst_block":3,"minecraft:pufferfish":1,"simplyswords:diamond_glaive":1,"minecells:prison_bricks":2,"minecraft:wooden_axe":1,"minecraft:paper":2,"minecraft:string":7,"archers:archer_armor_feet":1,"minecraft:spruce_sapling":15,"minecraft:smooth_basalt":2,"minecraft:redstone":3,"minecraft:stone_sword":1,"minecraft:raw_copper":3,"minecraft:stone_shovel":2,"minecraft:chicken":1,"minecraft:iron_boots":2,"sophisticatedbackpacks:backpack":1,"minecraft:pumpkin_seeds":1,"minecraft:filled_map":1,"minecraft:potato":1,"minecraft:shield":2,"farmersdelight:flint_knife":1,"minecraft:allium":1,"minecraft:oak_sapling":2,"minecraft:spider_eye":2,"minecells:health_flask":2,"minecraft:stone_pickaxe":1,"minecraft:wooden_pickaxe":2,"minecraft:calcite":3,"minecraft:medium_amethyst_bud":4},"minecraft:picked_up":{"minecraft:stone_slab":1,"minecraft:oak_stairs":1,"minecraft:brewing_stand":1,"minecraft:amethyst_block":3,"minecraft:string":24,"minecraft:raw_copper":5,"minecraft:experience_bottle":1,"minecraft:cobbled_deepslate":73,"bosses_of_mass_destruction:soul_star":1,"comforts:sleeping_bag_white":4,"minecraft:spruce_planks":51,"minecraft:calcite":3,"minecraft:iron_pickaxe":2,"minecraft:coal_block":8,"minecraft:furnace":16,"minecells:guts":7,"minecraft:stick":22,"minecraft:torch":6,"minecraft:porkchop":28,"minecraft:brown_carpet":1,"minecraft:rotten_flesh":22,"create:asurine":1,"minecraft:iron_bars":5,"minecraft:cod":1,"minecraft:cobblestone":240,"minecraft:feather":28,"minecraft:medium_amethyst_bud":4,"minecraft:smoker":3,"minecraft:potato":9,"minecraft:flint":14,"naturalist:lizard_tail":1,"minecraft:lapis_lazuli":41,"minecraft:dirt":3,"minecraft:lantern":4,"minecraft:bone":32,"minecraft:bow":2,"minecraft:wheat_seeds":1,"minecraft:raw_gold":15,"minecraft:rabbit":2,"minecraft:fletching_table":9,"minecraft:oak_planks":32,"minecraft:cooked_porkchop":1,"patchouli:guide_book":1,"graveyard:bone_dagger":1,"minecraft:mossy_cobblestone":3,"naturalist:antler":1,"minecells:explosive_bulb":6,"minecraft:spruce_boat":1,"minecraft:crossbow":1,"minecraft:bread":1,"minecraft:oak_sapling":3,"minecraft:charcoal":19,"minecraft:crafting_table":27,"minecraft:allium":1,"minecraft:chicken":30,"naturalist:venison":3,"minecraft:brown_mushroom":1,"minecraft:chain":1,"minecraft:shield":1,"minecraft:item_frame":5,"graveyard:corruption":13,"minecraft:beef":25,"mcdw:item_bee_stinger":1,"minecraft:lectern":1,"minecraft:sugar_cane":12,"minecraft:chest":2,"minecraft:egg":7,"minecraft:raw_iron":78,"minecells:monsters_eye":2,"sophisticatedbackpacks:backpack":1,"minecraft:arrow":36,"minecraft:peony":2,"spell_engine:spell_binding":1,"minecraft:gold_ingot":3,"minecraft:mutton":22,"minecraft:white_wool":8,"minecraft:skeleton_skull":2,"minecraft:cracked_deepslate_tiles":1,"minecraft:leather":10,"minecraft:filled_map":1,"minecraft:oak_log":28,"minecraft:gunpowder":9,"simplyswords:diamond_glaive":1,"minecraft:cooked_mutton":2,"minecraft:stone_bricks":2,"minecraft:iron_ingot":6,"minecells:prison_bricks":3,"minecraft:cooked_chicken":1,"minecraft:iron_sword":1,"minecraft:oak_slab":3,"minecraft:book":108,"naturalist:cooked_venison":1,"minecraft:smooth_basalt":2,"minecells:prison_cobblestone":1,"minecells:monster_cell":20,"minecells:infected_flesh":13,"minecraft:gravel":170,"minecraft:amethyst_shard":8,"minecraft:spruce_sapling":16,"minecraft:spruce_log":112,"minecraft:spider_eye":2,"minecraft:leather_helmet":1,"paladins:iron_kite_shield":1,"minecraft:oak_wood":53,"minecraft:iron_helmet":1,"minecraft:coal":500},"minecraft:used":{"minecraft:peony":2,"minecraft:chest":7,"minecraft:shield":11,"minecraft:iron_sword":187,"mcdw:sword_beestinger":103,"minecraft:rotten_flesh":2,"minecraft:iron_chestplate":1,"naturalist:cooked_venison":3,"minecraft:spruce_boat":2,"minecraft:lantern":3,"minecraft:iron_helmet":1,"archers:iron_spear":19,"minecraft:stone_bricks":2,"minecraft:item_frame":5,"minecraft:brown_carpet":1,"minecraft:bow":59,"rogues:iron_glaive":120,"minecraft:furnace":14,"minecraft:oak_sapling":1,"minecraft:egg":6,"minecraft:oak_planks":242,"minecraft:stone_pickaxe":226,"minecraft:wooden_pickaxe":6,"rogues:iron_double_axe":180,"rogues:iron_sickle":27,"minecraft:crossbow":211,"paladins:iron_kite_shield":10,"minecraft:bread":24,"create:asurine":1,"minecraft:gravel":167,"minecraft:wooden_sword":43,"minecraft:cooked_rabbit":4,"minecraft:experience_bottle":1,"minecraft:iron_bars":3,"minecraft:stone_sword":41,"simplyswords:diamond_glaive":113,"minecraft:stone_shovel":183,"minecraft:spruce_planks":391,"minecraft:cooked_salmon":1,"minecraft:cooked_chicken":24,"minecraft:torch":58,"minecraft:dirt":3,"minecraft:spyglass":11,"farmersdelight:beef_patty":3,"minecraft:wooden_axe":83,"minecraft:iron_axe":88,"minecraft:oak_stairs":1,"minecraft:iron_boots":2,"comforts:sleeping_bag_white":4,"minecraft:cooked_beef":18,"minecraft:cobbled_deepslate":48,"minecraft:iron_leggings":1,"minecraft:cooked_mutton":12,"minecraft:water_bucket":16,"simplyswords:gold_glaive":8,"minecells:prison_bricks":1,"minecraft:brown_mushroom":1,"minecraft:fletching_table":10,"minecraft:salmon":1,"minecraft:oak_slab":3,"minecraft:crafting_table":29,"minecraft:white_bed":1,"minecraft:cod":3,"minecraft:warped_planks":1,"minecraft:smoker":2,"minecraft:apple":5,"minecraft:chicken":1,"minecraft:iron_pickaxe":341,"minecraft:stone_slab":1,"minecells:prison_cobblestone":1,"minecraft:spruce_sapling":1,"paladins:iron_great_hammer":138,"minecraft:stone_axe":242,"minecraft:cobblestone":128,"minecraft:cooked_porkchop":26,"minecraft:bucket":16,"mcdw:hammer_great_hammer":4},"minecraft:broken":{"minecraft:iron_boots":1,"minecraft:stone_pickaxe":1,"minecraft:stone_axe":1,"minecraft:wooden_axe":1,"minecraft:iron_helmet":1},"minecraft:crafted":{"minecraft:oak_planks":324,"naturalist:cooked_venison":2,"minecraft:cooked_chicken":23,"minecraft:cooked_mutton":22,"minecraft:bow":1,"minecraft:iron_boots":1,"minecraft:chest":8,"minecraft:cooked_rabbit":4,"sophisticatedbackpacks:backpack":3,"minecraft:arrow":72,"minecraft:cooked_porkchop":28,"minecraft:crafting_table":4,"minecraft:spruce_planks":448,"minecraft:wooden_pickaxe":2,"minecraft:iron_helmet":3,"minecraft:copper_ingot":2,"minecraft:fletching_table":1,"farmersdelight:beef_patty":3,"minecraft:iron_chestplate":2,"minecraft:stick":196,"minecraft:iron_ingot":56,"minecraft:iron_pickaxe":2,"minecraft:stone_sword":1,"mcdw:sword_rapier":1,"minecraft:gold_ingot":7,"minecraft:stone_shovel":2,"mcdw:sword_beestinger":1,"minecraft:iron_nugget":9,"minecraft:spyglass":1,"comforts:sleeping_bag_white":1,"minecraft:furnace":2,"minecraft:iron_axe":1,"minecraft:stone_pickaxe":2,"minecraft:spruce_boat":1,"minecraft:dark_oak_planks":24,"sophisticatedbackpacks:iron_backpack":4,"minecraft:cooked_beef":18,"farmersdelight:cooked_mutton_chops":7,"sophisticatedbackpacks:gold_backpack":2,"minecraft:stone_axe":2,"minecraft:air":0,"minecraft:blue_dye":1,"minecraft:wooden_axe":2,"minecraft:iron_leggings":2,"minecraft:white_bed":1,"minecraft:torch":64}},"DataVersion":3465}