{"stats":{"minecraft:killed":{"minecraft:cod":1,"naturalist:boar":4,"minecraft:skeleton":7,"naturalist:deer":2,"minecraft:bee":1,"minecraft:chicken":4,"minecraft:drowned":1,"graveyard:ghoul":2,"naturalist:lizard_tail":1,"minecraft:sheep":4,"minecraft:pillager":6,"minecraft:zombie":9,"naturalist:lizard":1,"minecraft:cow":4},"minecraft:mined":{"minecraft:spruce_planks":39,"minecraft:brewing_stand":1,"minecraft:grass_block":1,"minecraft:spruce_leaves":5,"minecraft:large_fern":1,"minecraft:furnace":9,"minecraft:iron_ore":18,"minecraft:fire":79,"minecraft:fletching_table":1,"minecraft:peony":2,"create:asurine":1,"minecraft:bookshelf":22,"minecraft:deepslate_iron_ore":1,"minecraft:stone":50,"minecraft:brown_mushroom":1,"minecraft:crafting_table":15,"minecraft:lectern":1,"minecraft:stone_slab":1,"minecraft:cobblestone":26,"minecraft:oak_planks":27,"minecraft:spruce_log":105,"minecraft:grass":3,"minecraft:oak_log":29,"minecraft:coal_ore":58,"minecraft:gravel":119},"minecraft:custom":{"minecraft:mob_kills":50,"minecraft:interact_with_crafting_table":33,"minecraft:open_barrel":13,"minecraft:leave_game":3,"minecraft:time_since_death":4504,"minecraft:climb_one_cm":584,"minecraft:sprint_one_cm":206695,"minecraft:walk_one_cm":271956,"minecraft:damage_blocked_by_shield":625,"minecraft:drop":38,"minecraft:damage_dealt_absorbed":40,"minecraft:talked_to_villager":2,"minecraft:play_time":158002,"minecraft:deaths":1,"minecraft:sneak_time":11661,"minecraft:walk_under_water_one_cm":42062,"minecraft:boat_one_cm":80795,"minecraft:jump":2390,"minecraft:interact_with_brewingstand":1,"minecraft:walk_on_water_one_cm":37558,"minecraft:total_world_time":158002,"minecraft:interact_with_furnace":71,"minecraft:sleep_in_bed":3,"minecraft:time_since_rest":5445,"minecraft:damage_taken":2964,"minecraft:damage_dealt":9191,"minecraft:swim_one_cm":30734,"minecraft:fly_one_cm":357787,"minecraft:open_chest":7,"minecraft:crouch_one_cm":47006,"minecraft:fall_one_cm":71872},"minecraft:dropped":{"naturalist:lizard_tail":1,"minecraft:iron_sword":1,"naturalist:antler":1,"minecraft:cookie":1,"minecraft:iron_helmet":2,"minecraft:leather":3,"minecraft:leather_helmet":1,"minecraft:pufferfish":1,"minecraft:wooden_axe":1,"mcdw:hammer_great_hammer":1,"minecraft:wooden_sword":1,"minecraft:white_wool":2,"minecraft:spruce_sapling":11,"minecraft:redstone":3,"minecraft:stone_sword":1,"minecraft:stone_shovel":1,"minecraft:rotten_flesh":8,"minecraft:oak_planks":1,"minecraft:iron_boots":2,"minecraft:pumpkin_seeds":1,"minecraft:potato":1,"minecraft:shield":1,"farmersdelight:flint_knife":1,"minecraft:gunpowder":4,"minecraft:skeleton_skull":1,"minecraft:leather_boots":1,"minecraft:oak_sapling":2,"minecraft:wooden_pickaxe":1},"minecraft:picked_up":{"minecraft:crafting_table":15,"minecraft:chicken":4,"naturalist:venison":3,"minecraft:stone_slab":1,"minecraft:brewing_stand":1,"comforts:sleeping_bag_white":2,"minecraft:spruce_planks":38,"minecraft:beef":14,"mcdw:item_bee_stinger":1,"minecraft:lectern":1,"minecraft:furnace":9,"minecraft:egg":2,"minecraft:stick":17,"minecraft:raw_iron":19,"minecraft:porkchop":11,"minecraft:arrow":5,"minecraft:rotten_flesh":10,"minecraft:peony":2,"create:asurine":1,"minecraft:mutton":7,"minecraft:cod":1,"minecraft:skeleton_skull":1,"minecraft:white_wool":5,"minecraft:cobblestone":75,"minecraft:feather":6,"minecraft:leather":6,"minecraft:flint":8,"minecraft:oak_log":28,"minecraft:gunpowder":2,"naturalist:lizard_tail":1,"minecraft:dirt":1,"minecraft:lantern":2,"minecraft:bone":11,"minecraft:iron_ingot":1,"minecraft:cooked_chicken":1,"minecraft:fletching_table":1,"minecraft:iron_sword":1,"minecraft:oak_planks":28,"minecraft:book":66,"naturalist:cooked_venison":1,"minecraft:cooked_porkchop":1,"minecraft:gravel":111,"minecraft:spruce_sapling":12,"minecraft:spruce_log":79,"paladins:iron_kite_shield":1,"minecraft:leather_helmet":1,"naturalist:antler":1,"minecraft:spruce_boat":1,"minecraft:iron_helmet":1,"minecraft:crossbow":1,"minecraft:oak_sapling":3,"minecraft:coal":272},"minecraft:used":{"minecraft:peony":2,"minecraft:stone_sword":41,"minecraft:stone_shovel":117,"minecraft:spruce_planks":257,"minecraft:shield":11,"minecraft:iron_sword":142,"minecraft:cooked_salmon":1,"minecraft:cooked_chicken":3,"minecraft:rotten_flesh":2,"minecraft:iron_chestplate":1,"minecraft:torch":1,"naturalist:cooked_venison":3,"minecraft:dirt":1,"farmersdelight:beef_patty":3,"minecraft:spruce_boat":2,"minecraft:wooden_axe":83,"minecraft:lantern":1,"minecraft:iron_boots":1,"minecraft:bow":30,"minecraft:oak_sapling":1,"minecraft:furnace":9,"minecraft:egg":1,"comforts:sleeping_bag_white":2,"minecraft:cooked_beef":7,"minecraft:cooked_mutton":7,"minecraft:oak_planks":135,"minecraft:stone_pickaxe":131,"minecraft:wooden_pickaxe":3,"rogues:iron_double_axe":82,"minecraft:fletching_table":1,"minecraft:salmon":1,"minecraft:crafting_table":15,"minecraft:crossbow":1,"minecraft:cod":3,"paladins:iron_kite_shield":9,"minecraft:chicken":1,"minecraft:bread":9,"minecraft:iron_pickaxe":31,"minecraft:stone_slab":1,"create:asurine":1,"minecraft:spruce_sapling":1,"minecraft:gravel":111,"minecraft:stone_axe":179,"minecraft:wooden_sword":43,"minecraft:cobblestone":44,"minecraft:cooked_porkchop":8,"mcdw:hammer_great_hammer":4},"minecraft:broken":{"minecraft:stone_pickaxe":1,"minecraft:stone_axe":1,"minecraft:wooden_axe":1},"minecraft:crafted":{"minecraft:oak_planks":112,"minecraft:stone_shovel":2,"naturalist:cooked_venison":2,"comforts:sleeping_bag_white":1,"minecraft:cooked_chicken":2,"minecraft:furnace":1,"minecraft:cooked_mutton":7,"minecraft:bow":1,"minecraft:stone_pickaxe":1,"minecraft:spruce_boat":1,"minecraft:cooked_beef":7,"farmersdelight:cooked_mutton_chops":7,"minecraft:arrow":24,"minecraft:cooked_porkchop":11,"minecraft:crafting_table":1,"minecraft:spruce_planks":268,"minecraft:iron_helmet":1,"minecraft:wooden_pickaxe":1,"minecraft:fletching_table":1,"minecraft:stone_axe":2,"farmersdelight:beef_patty":3,"minecraft:air":0,"minecraft:iron_chestplate":2,"minecraft:stick":16,"minecraft:iron_ingot":18,"minecraft:iron_pickaxe":1,"minecraft:wooden_axe":2,"minecraft:stone_sword":1,"minecraft:iron_leggings":1}},"DataVersion":3465}