{"stats":{"minecraft:mined":{"create:zinc_ore":28,"minecraft:mossy_cobblestone":1,"minecraft:crafting_table":5,"minecraft:torch":1,"minecraft:grass_block":1,"minecells:rotting_corpse":1,"create:scoria":1,"minecraft:copper_ore":12,"minecraft:cobblestone":20,"minecraft:amethyst_block":3,"minecraft:coarse_dirt":5,"minecraft:furnace":5,"minecraft:iron_ore":82,"minecraft:sweet_berry_bush":3,"minecraft:spruce_log":7,"minecraft:birch_leaves":3,"minecraft:coal_ore":73,"minecraft:vine":1,"minecraft:gravel":2,"minecraft:dirt":2,"minecraft:cobweb":3,"minecraft:smooth_basalt":2,"minecraft:stone":209,"minecraft:infested_stone":1,"epicknightsnmages:moonlight_ore":1},"minecraft:custom":{"minecraft:interact_with_furnace":26,"minecraft:mob_kills":25,"minecraft:interact_with_crafting_table":15,"minecraft:leave_game":3,"minecraft:time_since_death":23967,"minecraft:climb_one_cm":206,"minecraft:time_since_rest":24000,"minecraft:sprint_one_cm":48114,"minecraft:damage_taken":1831,"minecraft:walk_one_cm":395328,"minecraft:damage_blocked_by_shield":2240,"minecraft:drop":4,"minecraft:damage_dealt":4622,"minecraft:swim_one_cm":10926,"minecraft:talked_to_villager":4,"minecraft:fly_one_cm":51496,"minecraft:open_chest":6,"minecraft:crouch_one_cm":2866,"minecraft:play_time":117859,"minecraft:deaths":5,"minecraft:sneak_time":1476,"minecraft:walk_under_water_one_cm":18162,"minecraft:jump":769,"minecraft:walk_on_water_one_cm":13989,"minecraft:total_world_time":117859,"minecraft:fall_one_cm":8757},"minecraft:killed_by":{"minecraft:spider":1,"minecraft:zombie":1},"minecraft:used":{"minecraft:amethyst_block":1,"minecraft:stone_sword":23,"minecraft:stone_pickaxe":225,"minecraft:wooden_pickaxe":16,"minecraft:shield":63,"minecraft:iron_sword":64,"minecraft:cooked_salmon":5,"minecraft:rotten_flesh":8,"minecraft:iron_chestplate":1,"minecraft:torch":72,"minecraft:crafting_table":5,"minecraft:bread":9,"minecraft:iron_pickaxe":203,"minecraft:gravel":2,"minecraft:wooden_sword":6,"minecraft:cobblestone":64,"naturalist:cooked_duck":1,"minecraft:sweet_berries":16,"minecraft:furnace":5,"farmersdelight:cooked_mutton_chops":4,"minecraft:coarse_dirt":1,"minecraft:iron_leggings":1},"minecraft:crafted":{"naturalist:cooked_duck":1,"minecraft:crafting_table":1,"minecraft:spruce_planks":44,"minecraft:wooden_pickaxe":1,"minecraft:iron_helmet":1,"minecraft:iron_sword":1,"minecraft:furnace":1,"minecraft:cooked_salmon":5,"minecraft:air":0,"minecraft:iron_boots":1,"minecraft:iron_chestplate":1,"minecraft:stick":28,"minecraft:iron_ingot":37,"minecraft:iron_pickaxe":1,"minecraft:stone_pickaxe":2,"minecraft:stone_sword":1,"minecraft:iron_leggings":1,"minecraft:torch":72,"create:zinc_ingot":17},"minecraft:killed":{"minecraft:cave_spider":1,"minecraft:salmon":5,"endermanoverhaul:snowy_enderman":1,"minecraft:spider":6,"naturalist:duck":1,"minecraft:skeleton":2,"minecraft:zombie":6,"minecraft:silverfish":1},"minecraft:broken":{"minecraft:stone_pickaxe":1},"minecraft:dropped":{"minecraft:string":8},"minecraft:picked_up":{"minecraft:crafting_table":5,"minecraft:coarse_dirt":5,"minecraft:feather":1,"minecraft:salmon":5,"create:raw_zinc":28,"minecraft:amethyst_block":3,"endermanoverhaul:icy_pearl":1,"minecraft:dirt":3,"minecraft:string":8,"minecraft:raw_copper":40,"epicknightsnmages:moonlight_gem":1,"minecraft:wheat_seeds":2,"minecraft:furnace":5,"minecraft:raw_iron":80,"minecraft:smooth_basalt":2,"naturalist:duck":1,"minecraft:sweet_berries":14,"minecraft:torch":1,"sophisticatedbackpacks:backpack":1,"minecraft:gravel":2,"minecraft:spruce_log":7,"minecraft:spider_eye":2,"farmersdelight:cooked_mutton_chops":4,"minecraft:arrow":2,"minecraft:rotten_flesh":8,"create:scoria":1,"minecraft:snowball":9,"minecraft:coal":74,"minecraft:skeleton_skull":1,"minecraft:cobblestone":238}},"DataVersion":3465}