{"stats":{"minecraft:picked_up":{"minecraft:raw_iron":20,"minecraft:crafting_table":2,"minecraft:coarse_dirt":5,"naturalist:duck":1,"minecraft:feather":1,"minecraft:sweet_berries":14,"minecraft:salmon":5,"minecraft:torch":1,"minecraft:gravel":2,"minecraft:spider_eye":1,"minecraft:string":1,"minecraft:spruce_log":7,"minecraft:dirt":3,"minecraft:raw_copper":40,"minecraft:arrow":2,"minecraft:rotten_flesh":5,"minecraft:wheat_seeds":2,"minecraft:skeleton_skull":1,"minecraft:coal":45,"minecraft:snowball":7,"minecraft:cobblestone":157,"minecraft:furnace":2},"minecraft:killed":{"minecraft:skeleton":2,"minecraft:zombie":1,"minecraft:salmon":5,"minecraft:spider":1,"naturalist:duck":1},"minecraft:custom":{"minecraft:time_since_rest":22107,"minecraft:interact_with_furnace":8,"minecraft:sprint_one_cm":22232,"minecraft:damage_taken":1332,"minecraft:walk_one_cm":194745,"minecraft:damage_blocked_by_shield":960,"minecraft:mob_kills":12,"minecraft:damage_dealt":1377,"minecraft:talked_to_villager":4,"minecraft:swim_one_cm":6619,"minecraft:interact_with_crafting_table":7,"minecraft:fly_one_cm":25106,"minecraft:open_chest":6,"minecraft:crouch_one_cm":1140,"minecraft:play_time":63826,"minecraft:deaths":3,"minecraft:sneak_time":849,"minecraft:walk_under_water_one_cm":4314,"minecraft:jump":357,"minecraft:leave_game":1,"minecraft:time_since_death":22076,"minecraft:walk_on_water_one_cm":8784,"minecraft:total_world_time":63826,"minecraft:fall_one_cm":3714},"minecraft:broken":{"minecraft:stone_pickaxe":1},"minecraft:used":{"minecraft:stone_sword":23,"minecraft:bread":9,"minecraft:stone_pickaxe":222,"minecraft:shield":21,"minecraft:wooden_pickaxe":16,"minecraft:gravel":2,"minecraft:cooked_salmon":5,"minecraft:torch":10,"minecraft:wooden_sword":6,"minecraft:cobblestone":35,"naturalist:cooked_duck":1,"minecraft:sweet_berries":16,"minecraft:crafting_table":2,"minecraft:furnace":2,"minecraft:coarse_dirt":1},"minecraft:crafted":{"naturalist:cooked_duck":1,"minecraft:crafting_table":1,"minecraft:iron_ingot":8,"minecraft:spruce_planks":28,"minecraft:stick":12,"minecraft:wooden_pickaxe":1,"minecraft:stone_pickaxe":2,"minecraft:stone_sword":1,"minecraft:furnace":1,"minecraft:cooked_salmon":5,"minecraft:torch":20,"minecraft:air":0},"minecraft:killed_by":{"man:managgresive":1},"minecraft:mined":{"minecraft:coarse_dirt":5,"minecraft:furnace":2,"minecraft:iron_ore":20,"minecraft:sweet_berry_bush":3,"minecraft:spruce_log":7,"minecraft:birch_leaves":3,"minecraft:torch":1,"minecraft:crafting_table":2,"minecraft:coal_ore":45,"minecraft:grass_block":1,"minecells:rotting_corpse":1,"minecraft:gravel":2,"minecraft:dirt":2,"minecraft:copper_ore":12,"minecraft:cobblestone":15,"minecraft:stone":140}},"DataVersion":3465}