{"stats":{"minecraft:killed":{"minecraft:salmon":5,"minecraft:spider":5,"naturalist:duck":1,"minecraft:skeleton":2,"minecraft:zombie":5},"minecraft:mined":{"create:zinc_ore":17,"minecraft:crafting_table":4,"minecraft:torch":1,"minecraft:grass_block":1,"minecells:rotting_corpse":1,"create:scoria":1,"minecraft:copper_ore":12,"minecraft:cobblestone":19,"minecraft:coarse_dirt":5,"minecraft:furnace":4,"minecraft:iron_ore":34,"minecraft:sweet_berry_bush":3,"minecraft:spruce_log":7,"minecraft:birch_leaves":3,"minecraft:coal_ore":53,"minecraft:dirt":2,"minecraft:gravel":2,"minecraft:stone":152},"minecraft:custom":{"minecraft:interact_with_furnace":19,"minecraft:mob_kills":20,"minecraft:interact_with_crafting_table":14,"minecraft:leave_game":3,"minecraft:time_since_death":455,"minecraft:time_since_rest":488,"minecraft:sprint_one_cm":24944,"minecraft:damage_taken":1755,"minecraft:walk_one_cm":312946,"minecraft:damage_blocked_by_shield":1310,"minecraft:damage_dealt":3430,"minecraft:swim_one_cm":10926,"minecraft:talked_to_villager":4,"minecraft:fly_one_cm":27155,"minecraft:open_chest":6,"minecraft:crouch_one_cm":1659,"minecraft:play_time":94347,"minecraft:deaths":5,"minecraft:sneak_time":1171,"minecraft:walk_under_water_one_cm":14869,"minecraft:jump":498,"minecraft:walk_on_water_one_cm":13193,"minecraft:total_world_time":94347,"minecraft:fall_one_cm":4252},"minecraft:killed_by":{"minecraft:spider":1,"minecraft:zombie":1},"minecraft:used":{"minecraft:stone_sword":23,"minecraft:stone_pickaxe":225,"minecraft:wooden_pickaxe":16,"minecraft:shield":38,"minecraft:iron_sword":40,"minecraft:cooked_salmon":5,"minecraft:rotten_flesh":7,"minecraft:iron_chestplate":1,"minecraft:torch":39,"minecraft:crafting_table":4,"minecraft:bread":9,"minecraft:iron_pickaxe":56,"minecraft:gravel":2,"minecraft:wooden_sword":6,"minecraft:cobblestone":64,"minecraft:sweet_berries":16,"naturalist:cooked_duck":1,"minecraft:furnace":4,"minecraft:coarse_dirt":1,"minecraft:iron_leggings":1},"minecraft:picked_up":{"minecraft:coarse_dirt":5,"minecraft:crafting_table":4,"minecraft:feather":1,"minecraft:salmon":5,"create:raw_zinc":17,"minecraft:string":5,"minecraft:dirt":3,"minecraft:raw_copper":40,"minecraft:wheat_seeds":2,"minecraft:furnace":4,"minecraft:raw_iron":32,"naturalist:duck":1,"minecraft:sweet_berries":14,"minecraft:torch":1,"minecraft:gravel":2,"minecraft:spruce_log":7,"minecraft:spider_eye":2,"minecraft:arrow":2,"minecraft:rotten_flesh":7,"create:scoria":1,"minecraft:snowball":7,"minecraft:coal":54,"minecraft:skeleton_skull":1,"minecraft:cobblestone":173},"minecraft:crafted":{"naturalist:cooked_duck":1,"minecraft:crafting_table":1,"minecraft:spruce_planks":44,"minecraft:wooden_pickaxe":1,"minecraft:iron_sword":1,"minecraft:furnace":1,"minecraft:cooked_salmon":5,"minecraft:air":0,"minecraft:iron_chestplate":1,"minecraft:stick":20,"minecraft:iron_ingot":27,"minecraft:iron_pickaxe":1,"minecraft:stone_pickaxe":2,"minecraft:stone_sword":1,"minecraft:iron_leggings":1,"minecraft:torch":40},"minecraft:broken":{"minecraft:stone_pickaxe":1}},"DataVersion":3465}