{"stats":{"minecraft:picked_up":{"minecraft:crafting_table":2,"minecraft:coarse_dirt":4,"naturalist:duck":1,"minecraft:feather":1,"minecraft:sweet_berries":14,"minecraft:salmon":5,"minecraft:gravel":2,"minecraft:spruce_log":7,"minecraft:dirt":3,"minecraft:rotten_flesh":3,"minecraft:wheat_seeds":2,"minecraft:coal":18,"minecraft:cobblestone":132,"minecraft:furnace":1},"minecraft:killed":{"minecraft:salmon":5,"naturalist:duck":1},"minecraft:custom":{"minecraft:time_since_rest":678,"minecraft:interact_with_furnace":5,"minecraft:sprint_one_cm":16558,"minecraft:damage_taken":768,"minecraft:walk_one_cm":105603,"minecraft:mob_kills":6,"minecraft:damage_dealt":204,"minecraft:talked_to_villager":4,"minecraft:swim_one_cm":2970,"minecraft:interact_with_crafting_table":7,"minecraft:fly_one_cm":18263,"minecraft:open_chest":6,"minecraft:crouch_one_cm":610,"minecraft:play_time":39826,"minecraft:deaths":2,"minecraft:sneak_time":594,"minecraft:walk_under_water_one_cm":3873,"minecraft:jump":214,"minecraft:leave_game":1,"minecraft:time_since_death":646,"minecraft:walk_on_water_one_cm":4300,"minecraft:total_world_time":39826,"minecraft:fall_one_cm":1916},"minecraft:broken":{"minecraft:stone_pickaxe":1},"minecraft:used":{"minecraft:bread":9,"minecraft:stone_pickaxe":143,"minecraft:wooden_pickaxe":16,"minecraft:gravel":2,"minecraft:cooked_salmon":1,"minecraft:wooden_sword":6,"minecraft:cobblestone":5,"minecraft:sweet_berries":16,"minecraft:crafting_table":2,"minecraft:furnace":1},"minecraft:crafted":{"naturalist:cooked_duck":1,"minecraft:crafting_table":1,"minecraft:spruce_planks":28,"minecraft:stick":8,"minecraft:wooden_pickaxe":1,"minecraft:stone_pickaxe":2,"minecraft:stone_sword":1,"minecraft:furnace":1,"minecraft:cooked_salmon":5,"minecraft:air":0},"minecraft:killed_by":{"man:managgresive":1},"minecraft:mined":{"minecraft:coarse_dirt":4,"minecraft:furnace":1,"minecraft:sweet_berry_bush":3,"minecraft:spruce_log":7,"minecraft:crafting_table":2,"minecraft:coal_ore":18,"minecraft:grass_block":1,"minecells:rotting_corpse":1,"minecraft:gravel":2,"minecraft:dirt":2,"minecraft:cobblestone":1,"minecraft:stone":137}},"DataVersion":3465}