{"stats":{"minecraft:mined":{"create:zinc_ore":39,"minecraft:deepslate_tiles":7,"minecraft:deepslate_redstone_ore":1,"minecraft:tuff":1,"graveyard:pedestal":1,"minecraft:mossy_cobblestone":4,"minecraft:polished_deepslate_stairs":1,"graveyard:dark_iron_trapdoor":1,"minecraft:deepslate_tile_slab":1,"minecraft:crafting_table":6,"minecraft:torch":1,"minecraft:grass_block":1,"minecells:rotting_corpse":1,"create:scoria":1,"minecraft:deepslate_bricks":1,"minecraft:copper_ore":12,"minecraft:cobblestone":22,"minecraft:deepslate_gold_ore":16,"minecraft:cracked_deepslate_bricks":1,"minecraft:amethyst_block":3,"graveyard:soul_fire_brazier":2,"minecraft:coarse_dirt":5,"graveyard:vase_block":1,"minecraft:furnace":5,"minecraft:iron_ore":122,"minecraft:cobbled_deepslate":1,"minecraft:sweet_berry_bush":3,"minecraft:spruce_log":7,"minecraft:birch_leaves":3,"minecraft:deepslate_lapis_ore":3,"graveyard:sarcophagus":1,"graveyard:dark_iron_bars":1,"minecraft:deepslate_iron_ore":19,"minecraft:coal_ore":73,"minecraft:vine":1,"minecraft:deepslate_brick_stairs":1,"minecraft:gravel":2,"minecraft:dirt":4,"minecraft:cobweb":5,"minecraft:smooth_basalt":2,"minecraft:stone":288,"minecraft:deepslate":1,"create:limestone":1,"create:crimsite":1,"minecraft:green_bed":1,"minecraft:infested_stone":1,"epicknightsnmages:moonlight_ore":1},"minecraft:custom":{"minecraft:interact_with_furnace":26,"minecraft:mob_kills":34,"minecraft:interact_with_crafting_table":16,"minecraft:open_barrel":16,"minecraft:leave_game":3,"minecraft:time_since_death":59967,"minecraft:climb_one_cm":518,"minecraft:time_since_rest":60000,"minecraft:sprint_one_cm":53989,"minecraft:damage_taken":2223,"minecraft:walk_one_cm":531163,"minecraft:damage_blocked_by_shield":2787,"minecraft:drop":13,"minecraft:damage_dealt":6909,"minecraft:swim_one_cm":10926,"minecraft:talked_to_villager":4,"minecraft:fly_one_cm":56260,"minecraft:open_chest":6,"minecraft:crouch_one_cm":3228,"minecraft:play_time":153859,"minecraft:deaths":5,"minecraft:sneak_time":1753,"minecraft:walk_under_water_one_cm":18162,"minecraft:jump":1026,"minecraft:walk_on_water_one_cm":14028,"minecraft:total_world_time":153859,"minecraft:fall_one_cm":11038},"minecraft:killed_by":{"minecraft:spider":1,"minecraft:zombie":1},"minecraft:used":{"minecraft:amethyst_block":1,"minecraft:stone_sword":23,"minecraft:stone_pickaxe":226,"minecraft:wooden_pickaxe":16,"minecraft:shield":75,"minecraft:iron_sword":109,"minecraft:cooked_salmon":5,"minecraft:rotten_flesh":8,"minecraft:iron_chestplate":1,"minecraft:torch":124,"minecraft:glow_berries":36,"minecraft:crafting_table":6,"minecraft:deepslate_tile_slab":1,"minecraft:bread":9,"minecraft:iron_pickaxe":400,"minecraft:gravel":2,"minecraft:wooden_sword":6,"minecraft:cobblestone":80,"naturalist:cooked_duck":1,"minecraft:sweet_berries":16,"minecraft:furnace":5,"farmersdelight:cooked_mutton_chops":4,"minecraft:coarse_dirt":1,"minecraft:iron_leggings":1},"minecraft:crafted":{"naturalist:cooked_duck":1,"minecraft:crafting_table":1,"minecraft:spruce_planks":44,"minecraft:wooden_pickaxe":1,"minecraft:iron_helmet":1,"minecraft:iron_sword":1,"minecraft:furnace":1,"minecraft:cooked_salmon":5,"minecraft:air":0,"minecraft:iron_boots":1,"minecraft:iron_chestplate":1,"minecraft:stick":44,"minecraft:iron_ingot":37,"minecraft:iron_pickaxe":2,"minecraft:stone_pickaxe":2,"minecraft:stone_sword":1,"minecraft:iron_leggings":1,"minecraft:torch":128,"create:zinc_ingot":17},"minecraft:killed":{"minecraft:cave_spider":2,"minecraft:salmon":5,"endermanoverhaul:snowy_enderman":1,"minecraft:spider":6,"graveyard:wraith":8,"naturalist:duck":1,"minecraft:skeleton":2,"minecraft:zombie":6,"minecraft:silverfish":1},"minecraft:broken":{"minecraft:stone_pickaxe":1,"minecraft:iron_pickaxe":1},"minecraft:dropped":{"minecraft:cobbled_deepslate":2,"minecraft:crafting_table":1,"minecraft:tuff":2,"sophisticatedbackpacks:backpack":1,"create:crimsite":1,"minecraft:black_candle":3,"minecraft:spruce_planks":11,"minecraft:string":8,"minecraft:medium_amethyst_bud":2,"minecraft:bone":7},"minecraft:picked_up":{"minecraft:crafting_table":6,"minecraft:coarse_dirt":5,"minecraft:feather":1,"minecraft:salmon":5,"minecraft:tuff":2,"create:raw_zinc":39,"create:limestone":1,"minecraft:gunpowder":8,"minecraft:deepslate_tile_slab":1,"minecraft:amethyst_block":3,"endermanoverhaul:icy_pearl":1,"minecraft:dirt":5,"minecraft:string":8,"minecraft:raw_copper":40,"epicknightsnmages:moonlight_gem":1,"graveyard:sarcophagus":1,"minecraft:bone":7,"graveyard:soul_fire_brazier":2,"minecraft:wheat_seeds":2,"minecraft:cobbled_deepslate":4,"minecraft:raw_gold":16,"minecraft:spruce_planks":11,"minecraft:cobweb":18,"minecraft:oak_planks":64,"minecraft:furnace":5,"minecraft:black_candle":3,"minecraft:raw_iron":139,"minecraft:smooth_basalt":2,"naturalist:duck":1,"graveyard:pedestal":1,"minecraft:sweet_berries":14,"minecraft:torch":3,"minecraft:green_bed":1,"sophisticatedbackpacks:backpack":1,"minecraft:gravel":2,"sophisticatedbackpacks:iron_backpack":1,"graveyard:dark_iron_trapdoor":1,"minecraft:spruce_log":7,"minecraft:mossy_cobblestone":3,"minecraft:spider_eye":2,"farmersdelight:cooked_mutton_chops":4,"create:crimsite":1,"minecraft:arrow":2,"minecraft:rotten_flesh":8,"create:scoria":1,"minecraft:snowball":9,"minecraft:coal":82,"minecraft:skeleton_skull":1,"minecraft:cobblestone":318}},"DataVersion":3465}