{"stats":{"minecraft:picked_up":{"minecraft:crafting_table":1,"minecraft:coarse_dirt":4,"naturalist:duck":1,"minecraft:feather":1,"minecraft:sweet_berries":14,"minecraft:salmon":5,"minecraft:gravel":2,"minecraft:spruce_log":7,"minecraft:dirt":3,"minecraft:rotten_flesh":3,"minecraft:wheat_seeds":2,"minecraft:cobblestone":78},"minecraft:killed":{"minecraft:salmon":5,"naturalist:duck":1},"minecraft:custom":{"minecraft:time_since_rest":27826,"minecraft:interact_with_furnace":1,"minecraft:sprint_one_cm":8372,"minecraft:damage_taken":360,"minecraft:walk_one_cm":55251,"minecraft:mob_kills":6,"minecraft:damage_dealt":190,"minecraft:talked_to_villager":1,"minecraft:swim_one_cm":2970,"minecraft:interact_with_crafting_table":6,"minecraft:fly_one_cm":12133,"minecraft:open_chest":5,"minecraft:crouch_one_cm":102,"minecraft:play_time":27826,"minecraft:sneak_time":133,"minecraft:walk_under_water_one_cm":3688,"minecraft:jump":125,"minecraft:leave_game":1,"minecraft:time_since_death":27826,"minecraft:walk_on_water_one_cm":3798,"minecraft:total_world_time":27826,"minecraft:fall_one_cm":1649},"minecraft:used":{"minecraft:bread":9,"minecraft:stone_pickaxe":70,"minecraft:wooden_pickaxe":11,"minecraft:wooden_sword":6,"minecraft:cobblestone":3,"minecraft:sweet_berries":16,"minecraft:crafting_table":2,"minecraft:furnace":1},"minecraft:crafted":{"minecraft:crafting_table":1,"minecraft:spruce_planks":28,"minecraft:stick":8,"minecraft:wooden_pickaxe":1,"minecraft:stone_pickaxe":1,"minecraft:furnace":1},"minecraft:mined":{"minecraft:coarse_dirt":4,"minecraft:sweet_berry_bush":3,"minecraft:spruce_log":7,"minecraft:crafting_table":1,"minecraft:grass_block":1,"minecells:rotting_corpse":1,"minecraft:gravel":2,"minecraft:dirt":2,"minecraft:cobblestone":1,"minecraft:stone":78}},"DataVersion":3465}