{"stats":{"minecraft:mined":{"create:zinc_ore":39,"minecraft:deepslate_tiles":11,"minecraft:tuff":1,"graveyard:pedestal":1,"minecraft:mossy_cobblestone":4,"minecraft:cobbled_deepslate_slab":1,"minecells:rotting_corpse":1,"minecraft:grass_block":1,"minecraft:deepslate_bricks":5,"minecraft:spawner":2,"minecraft:deepslate_brick_slab":2,"graveyard:soul_fire_brazier":2,"minecraft:furnace":5,"minecraft:iron_ore":122,"minecraft:cobbled_deepslate":1,"minecraft:chiseled_deepslate":1,"minecraft:deepslate_lapis_ore":3,"graveyard:sarcophagus":1,"minecraft:cave_vines":3,"minecraft:deepslate_iron_ore":19,"minecraft:vine":1,"minecraft:iron_bars":4,"minecraft:deepslate_brick_stairs":1,"minecraft:stone":288,"create:limestone":1,"epicknightsnmages:moonlight_ore":1,"minecraft:green_bed":1,"minecraft:deepslate_redstone_ore":1,"graveyard:dark_iron_trapdoor":1,"minecraft:polished_deepslate_stairs":1,"minecraft:deepslate_tile_slab":1,"minecraft:crafting_table":6,"minecraft:torch":1,"create:scoria":1,"minecraft:lectern":1,"minecraft:copper_ore":12,"minecraft:cobblestone":25,"minecraft:deepslate_gold_ore":16,"minecraft:cracked_deepslate_bricks":2,"minecraft:amethyst_block":3,"minecraft:coarse_dirt":5,"graveyard:vase_block":1,"minecraft:sweet_berry_bush":3,"minecraft:spruce_log":7,"minecraft:birch_leaves":3,"minecraft:cracked_deepslate_tiles":4,"graveyard:dark_iron_bars":1,"minecraft:coal_ore":73,"minecraft:gravel":2,"minecraft:dirt":4,"minecraft:cobweb":6,"minecraft:smooth_basalt":2,"create:crimsite":1,"minecraft:deepslate":1,"minecraft:infested_stone":1},"minecraft:custom":{"minecraft:mob_kills":50,"minecraft:interact_with_crafting_table":16,"minecraft:open_barrel":16,"minecraft:leave_game":3,"minecraft:time_since_death":1165,"minecraft:climb_one_cm":1614,"minecraft:sprint_one_cm":60258,"minecraft:walk_one_cm":583004,"minecraft:damage_blocked_by_shield":3002,"minecraft:drop":13,"minecraft:talked_to_villager":4,"minecraft:play_time":165859,"minecraft:deaths":7,"minecraft:sneak_time":2012,"minecraft:walk_under_water_one_cm":18162,"minecraft:jump":1127,"minecraft:walk_on_water_one_cm":14189,"minecraft:total_world_time":165859,"minecraft:interact_with_furnace":26,"minecraft:time_since_rest":1200,"minecraft:damage_taken":2703,"minecraft:damage_dealt":10864,"minecraft:fly_one_cm":63939,"minecraft:swim_one_cm":10926,"minecraft:open_chest":6,"minecraft:crouch_one_cm":3740,"minecraft:fall_one_cm":13433},"minecraft:killed_by":{"minecraft:spider":1,"minecraft:zombie":1,"graveyard:wraith":2},"minecraft:used":{"minecraft:stone_sword":23,"minecraft:shield":80,"minecraft:iron_sword":185,"minecraft:cooked_salmon":5,"minecraft:rotten_flesh":8,"minecraft:iron_chestplate":1,"minecraft:torch":140,"minecraft:deepslate_tile_slab":1,"minecraft:sweet_berries":16,"minecraft:furnace":5,"farmersdelight:cooked_mutton_chops":4,"minecraft:cobbled_deepslate":1,"minecraft:iron_leggings":1,"minecraft:amethyst_block":1,"minecraft:stone_pickaxe":226,"minecraft:wooden_pickaxe":16,"rogues:iron_double_axe":6,"minecraft:glow_berries":55,"minecraft:crafting_table":6,"minecraft:bread":9,"minecraft:iron_pickaxe":428,"minecraft:gravel":2,"minecraft:wooden_sword":6,"minecraft:cobblestone":84,"naturalist:cooked_duck":1,"minecraft:coarse_dirt":1},"minecraft:crafted":{"naturalist:cooked_duck":1,"minecraft:furnace":1,"minecraft:iron_boots":1,"minecraft:stone_pickaxe":2,"minecraft:crafting_table":1,"minecraft:spruce_planks":44,"minecraft:iron_helmet":1,"minecraft:wooden_pickaxe":1,"minecraft:iron_sword":1,"minecraft:cooked_salmon":5,"minecraft:air":0,"minecraft:iron_chestplate":1,"minecraft:stick":52,"minecraft:iron_ingot":37,"minecraft:iron_pickaxe":2,"minecraft:stone_sword":1,"minecraft:iron_leggings":1,"minecraft:torch":160,"create:zinc_ingot":17},"minecraft:killed":{"minecraft:cave_spider":2,"graveyard:corrupted_vindicator":12,"minecraft:spider":6,"graveyard:wraith":11,"naturalist:duck":1,"minecraft:skeleton":2,"minecraft:silverfish":1,"minecraft:salmon":5,"endermanoverhaul:snowy_enderman":1,"minecraft:zombie":6,"graveyard:corrupted_pillager":1},"minecraft:broken":{"minecraft:stone_pickaxe":1,"minecraft:iron_pickaxe":1},"minecraft:dropped":{"minecraft:crafting_table":1,"create:crimsite":1,"minecraft:black_candle":3,"minecraft:string":8,"minecraft:bone":7,"minecraft:cobbled_deepslate":2,"minecraft:tuff":2,"sophisticatedbackpacks:backpack":1,"minecraft:spruce_planks":11,"minecraft:medium_amethyst_bud":2},"minecraft:picked_up":{"minecraft:chiseled_deepslate":1,"minecraft:coarse_dirt":5,"minecraft:crafting_table":6,"minecraft:amethyst_block":3,"minecraft:string":9,"minecraft:raw_copper":40,"create:limestone":1,"epicknightsnmages:moonlight_gem":1,"graveyard:sarcophagus":1,"graveyard:soul_fire_brazier":2,"graveyard:corruption":15,"minecraft:deepslate_tiles":4,"minecraft:cobbled_deepslate":4,"minecraft:spruce_planks":11,"wizards:frost_robe_chest":1,"minecraft:lectern":1,"minecraft:furnace":5,"minecraft:raw_iron":139,"naturalist:duck":1,"minecraft:torch":3,"minecraft:green_bed":1,"sophisticatedbackpacks:backpack":1,"graveyard:dark_iron_trapdoor":1,"minecraft:rotten_flesh":8,"minecraft:arrow":2,"create:scoria":1,"minecraft:deepslate_bricks":4,"minecraft:cracked_deepslate_bricks":1,"minecraft:iron_bars":2,"minecraft:skeleton_skull":1,"minecraft:snowball":9,"minecraft:cobblestone":321,"minecraft:cracked_deepslate_tiles":4,"minecraft:feather":1,"minecraft:salmon":5,"minecraft:tuff":2,"create:raw_zinc":39,"minecraft:gunpowder":8,"minecraft:deepslate_tile_slab":1,"endermanoverhaul:icy_pearl":1,"minecraft:dirt":5,"minecraft:bone":7,"minecraft:deepslate_brick_slab":2,"minecraft:wheat_seeds":2,"minecraft:raw_gold":16,"minecraft:cobbled_deepslate_slab":1,"minecraft:cobweb":18,"minecraft:oak_planks":64,"minecraft:smooth_basalt":2,"minecraft:black_candle":3,"graveyard:pedestal":1,"minecraft:sweet_berries":14,"minecraft:gravel":2,"sophisticatedbackpacks:iron_backpack":1,"minecraft:spruce_log":7,"farmersdelight:cooked_mutton_chops":4,"minecraft:spider_eye":2,"minecraft:mossy_cobblestone":3,"create:crimsite":1,"minecraft:writable_book":1,"minecraft:coal":82}},"DataVersion":3465}