{"stats":{"minecraft:broken":{"minecraft:stone_pickaxe":1},"minecraft:picked_up":{"minecraft:coarse_dirt":5,"minecraft:crafting_table":3,"minecraft:feather":1,"minecraft:salmon":5,"minecraft:string":3,"minecraft:dirt":3,"minecraft:raw_copper":40,"minecraft:wheat_seeds":2,"minecraft:furnace":3,"minecraft:raw_iron":27,"naturalist:duck":1,"minecraft:sweet_berries":14,"minecraft:torch":1,"minecraft:gravel":2,"minecraft:spruce_log":7,"minecraft:spider_eye":1,"minecraft:arrow":2,"minecraft:rotten_flesh":5,"minecraft:snowball":7,"minecraft:coal":45,"minecraft:skeleton_skull":1,"minecraft:cobblestone":165},"minecraft:killed":{"minecraft:salmon":5,"minecraft:spider":2,"naturalist:duck":1,"minecraft:skeleton":2,"minecraft:zombie":1},"minecraft:mined":{"minecraft:crafting_table":3,"minecraft:torch":1,"minecraft:grass_block":1,"minecells:rotting_corpse":1,"minecraft:copper_ore":12,"minecraft:cobblestone":17,"minecraft:coarse_dirt":5,"minecraft:furnace":3,"minecraft:iron_ore":29,"minecraft:sweet_berry_bush":3,"minecraft:spruce_log":7,"minecraft:birch_leaves":3,"minecraft:coal_ore":45,"minecraft:dirt":2,"minecraft:gravel":2,"minecraft:stone":146},"minecraft:crafted":{"naturalist:cooked_duck":1,"minecraft:crafting_table":1,"minecraft:spruce_planks":44,"minecraft:wooden_pickaxe":1,"minecraft:iron_sword":1,"minecraft:furnace":1,"minecraft:cooked_salmon":5,"minecraft:air":0,"minecraft:iron_chestplate":1,"minecraft:stick":16,"minecraft:iron_ingot":27,"minecraft:iron_pickaxe":1,"minecraft:stone_pickaxe":2,"minecraft:stone_sword":1,"minecraft:iron_leggings":1,"minecraft:torch":20},"minecraft:used":{"minecraft:stone_sword":23,"minecraft:stone_pickaxe":225,"minecraft:wooden_pickaxe":16,"minecraft:shield":22,"minecraft:iron_sword":3,"minecraft:cooked_salmon":5,"minecraft:rotten_flesh":5,"minecraft:iron_chestplate":1,"minecraft:torch":12,"minecraft:crafting_table":4,"minecraft:bread":9,"minecraft:iron_pickaxe":16,"minecraft:gravel":2,"minecraft:wooden_sword":6,"minecraft:cobblestone":46,"minecraft:sweet_berries":16,"naturalist:cooked_duck":1,"minecraft:furnace":4,"minecraft:coarse_dirt":1,"minecraft:iron_leggings":1},"minecraft:killed_by":{"man:managgresive":1,"minecraft:spider":1},"minecraft:custom":{"minecraft:interact_with_furnace":18,"minecraft:mob_kills":13,"minecraft:interact_with_crafting_table":14,"minecraft:leave_game":3,"minecraft:time_since_death":10206,"minecraft:time_since_rest":10603,"minecraft:sprint_one_cm":22311,"minecraft:damage_taken":1496,"minecraft:walk_one_cm":237161,"minecraft:damage_blocked_by_shield":980,"minecraft:damage_dealt":1537,"minecraft:swim_one_cm":10926,"minecraft:talked_to_villager":4,"minecraft:fly_one_cm":25417,"minecraft:open_chest":6,"minecraft:crouch_one_cm":1442,"minecraft:play_time":80532,"minecraft:deaths":4,"minecraft:sneak_time":1143,"minecraft:walk_under_water_one_cm":14282,"minecraft:jump":390,"minecraft:walk_on_water_one_cm":10880,"minecraft:total_world_time":80532,"minecraft:fall_one_cm":4252}},"DataVersion":3465}