{"stats":{"minecraft:mined":{"create:zinc_ore":39,"minecraft:deepslate_redstone_ore":1,"minecraft:tuff":1,"minecraft:mossy_cobblestone":4,"minecraft:deepslate_tile_slab":1,"minecraft:crafting_table":6,"minecraft:torch":1,"minecraft:grass_block":1,"minecells:rotting_corpse":1,"create:scoria":1,"minecraft:copper_ore":12,"minecraft:cobblestone":22,"minecraft:deepslate_gold_ore":10,"minecraft:amethyst_block":3,"minecraft:coarse_dirt":5,"minecraft:furnace":5,"minecraft:iron_ore":122,"minecraft:sweet_berry_bush":3,"minecraft:spruce_log":7,"minecraft:birch_leaves":3,"minecraft:deepslate_iron_ore":8,"minecraft:coal_ore":73,"minecraft:vine":1,"minecraft:gravel":2,"minecraft:dirt":4,"minecraft:cobweb":3,"minecraft:smooth_basalt":2,"minecraft:stone":288,"minecraft:green_bed":1,"minecraft:infested_stone":1,"epicknightsnmages:moonlight_ore":1},"minecraft:custom":{"minecraft:interact_with_furnace":26,"minecraft:mob_kills":26,"minecraft:interact_with_crafting_table":16,"minecraft:open_barrel":16,"minecraft:leave_game":3,"minecraft:time_since_death":47967,"minecraft:climb_one_cm":518,"minecraft:time_since_rest":48000,"minecraft:sprint_one_cm":51545,"minecraft:damage_taken":2019,"minecraft:walk_one_cm":478726,"minecraft:damage_blocked_by_shield":2615,"minecraft:drop":4,"minecraft:damage_dealt":4816,"minecraft:swim_one_cm":10926,"minecraft:talked_to_villager":4,"minecraft:fly_one_cm":55077,"minecraft:open_chest":6,"minecraft:crouch_one_cm":2965,"minecraft:play_time":141859,"minecraft:deaths":5,"minecraft:sneak_time":1593,"minecraft:walk_under_water_one_cm":18162,"minecraft:jump":918,"minecraft:walk_on_water_one_cm":14028,"minecraft:total_world_time":141859,"minecraft:fall_one_cm":10560},"minecraft:killed_by":{"minecraft:spider":1,"minecraft:zombie":1},"minecraft:used":{"minecraft:amethyst_block":1,"minecraft:stone_sword":23,"minecraft:stone_pickaxe":226,"minecraft:wooden_pickaxe":16,"minecraft:shield":71,"minecraft:iron_sword":68,"minecraft:cooked_salmon":5,"minecraft:rotten_flesh":8,"minecraft:iron_chestplate":1,"minecraft:torch":101,"minecraft:glow_berries":23,"minecraft:crafting_table":6,"minecraft:deepslate_tile_slab":1,"minecraft:bread":9,"minecraft:iron_pickaxe":358,"minecraft:gravel":2,"minecraft:wooden_sword":6,"minecraft:cobblestone":79,"naturalist:cooked_duck":1,"minecraft:sweet_berries":16,"minecraft:furnace":5,"farmersdelight:cooked_mutton_chops":4,"minecraft:coarse_dirt":1,"minecraft:iron_leggings":1},"minecraft:crafted":{"naturalist:cooked_duck":1,"minecraft:crafting_table":1,"minecraft:spruce_planks":44,"minecraft:wooden_pickaxe":1,"minecraft:iron_helmet":1,"minecraft:iron_sword":1,"minecraft:furnace":1,"minecraft:cooked_salmon":5,"minecraft:air":0,"minecraft:iron_boots":1,"minecraft:iron_chestplate":1,"minecraft:stick":44,"minecraft:iron_ingot":37,"minecraft:iron_pickaxe":2,"minecraft:stone_pickaxe":2,"minecraft:stone_sword":1,"minecraft:iron_leggings":1,"minecraft:torch":128,"create:zinc_ingot":17},"minecraft:killed":{"minecraft:cave_spider":2,"minecraft:salmon":5,"endermanoverhaul:snowy_enderman":1,"minecraft:spider":6,"naturalist:duck":1,"minecraft:skeleton":2,"minecraft:zombie":6,"minecraft:silverfish":1},"minecraft:broken":{"minecraft:stone_pickaxe":1,"minecraft:iron_pickaxe":1},"minecraft:dropped":{"minecraft:string":8},"minecraft:picked_up":{"minecraft:crafting_table":6,"minecraft:coarse_dirt":5,"minecraft:feather":1,"minecraft:salmon":5,"minecraft:tuff":2,"create:raw_zinc":39,"minecraft:gunpowder":1,"minecraft:deepslate_tile_slab":1,"minecraft:amethyst_block":3,"endermanoverhaul:icy_pearl":1,"minecraft:dirt":5,"minecraft:string":8,"minecraft:raw_copper":40,"epicknightsnmages:moonlight_gem":1,"minecraft:wheat_seeds":2,"minecraft:raw_gold":10,"minecraft:furnace":5,"minecraft:raw_iron":128,"minecraft:smooth_basalt":2,"naturalist:duck":1,"minecraft:sweet_berries":14,"minecraft:torch":2,"minecraft:green_bed":1,"sophisticatedbackpacks:backpack":1,"minecraft:gravel":2,"minecraft:spruce_log":7,"minecraft:mossy_cobblestone":3,"minecraft:spider_eye":2,"farmersdelight:cooked_mutton_chops":4,"minecraft:arrow":2,"minecraft:rotten_flesh":8,"create:scoria":1,"minecraft:snowball":9,"minecraft:coal":74,"minecraft:skeleton_skull":1,"minecraft:cobblestone":318}},"DataVersion":3465}