{"stats":{"minecraft:killed":{"graveyard:revenant":1,"minecraft:spider":3,"creeperoverhaul:snowy_creeper":2,"naturalist:snail":3,"minecraft:skeleton":3,"minecraft:chicken":1,"minecraft:drowned":3,"minecraft:pig":6,"naturalist:firefly":1,"minecraft:rabbit":3,"minecraft:sheep":19,"minecraft:pillager":3,"minecraft:zombie":16,"minecraft:stray":1,"minecraft:cow":1},"minecraft:mined":{"minecraft:tuff":1,"minecraft:spruce_planks":10,"minecraft:brewing_stand":1,"minecraft:grass_block":2,"minecraft:jungle_planks":1,"minecraft:spruce_leaves":16,"minecraft:large_fern":2,"minecraft:hay_block":18,"minecraft:carrots":5,"minecraft:fire":6,"minecraft:acacia_wood":5,"minecraft:pumpkin":26,"minecraft:fletching_table":1,"create:asurine":94,"minecraft:bookshelf":29,"minecraft:potatoes":4,"minecraft:iron_bars":11,"minecraft:stone":17,"villagersplus:spruce_horticulturist_table":1,"minecraft:light_gray_carpet":2,"minecraft:powder_snow":1,"minecraft:oak_fence":1,"minecraft:crafting_table":6,"minecraft:lectern":12,"minecraft:cobblestone":28,"minecraft:cyan_bed":2,"minecraft:sugar_cane":7,"minecraft:cauldron":2,"minecraft:sweet_berry_bush":5,"minecraft:ice":3,"minecraft:white_carpet":9,"minecraft:spruce_log":66,"minecraft:birch_leaves":1,"minecraft:grass":2,"minecraft:oak_log":28,"minecraft:coal_ore":5,"minecraft:gravel":2,"minecraft:dirt":2,"minecraft:cobweb":30,"minecraft:oak_leaves":8,"minecraft:fern":3},"minecraft:custom":{"minecraft:mob_kills":70,"minecraft:interact_with_crafting_table":19,"minecraft:open_barrel":16,"minecraft:bell_ring":3,"minecraft:leave_game":5,"minecraft:time_since_death":19378,"minecraft:climb_one_cm":6990,"minecraft:sprint_one_cm":373302,"minecraft:walk_one_cm":485682,"minecraft:damage_blocked_by_shield":461,"minecraft:drop":22,"minecraft:damage_dealt_absorbed":80,"minecraft:talked_to_villager":55,"minecraft:play_time":276557,"minecraft:deaths":7,"minecraft:sneak_time":8264,"minecraft:walk_under_water_one_cm":19733,"minecraft:boat_one_cm":71795,"minecraft:jump":3046,"minecraft:walk_on_water_one_cm":33674,"minecraft:total_world_time":276557,"minecraft:interact_with_furnace":2,"minecraft:traded_with_villager":28,"minecraft:sleep_in_bed":3,"minecraft:time_since_rest":19418,"minecraft:damage_taken":3407,"minecraft:damage_dealt":13354,"minecraft:swim_one_cm":90636,"minecraft:fly_one_cm":569476,"minecraft:open_chest":43,"minecraft:crouch_one_cm":29236,"minecraft:fall_one_cm":1372,"minecraft:horse_one_cm":22078},"minecraft:dropped":{"minecraft:porkchop":2,"minecraft:golden_horse_armor":1,"minecraft:crossbow":1,"paladins:iron_kite_shield":1,"minecraft:dirt":1,"minecraft:brewing_stand":1,"minecraft:mutton":2,"mcdw:hammer_great_hammer":2,"minecraft:dark_oak_planks":2,"minecraft:string":3,"minecraft:white_wool":1,"minecraft:gravel":2,"minecraft:rotten_flesh":6,"minecraft:spruce_planks":19,"minecraft:leather_boots":1,"minecraft:bow":2,"minecraft:beef":1,"minecraft:quartz":3},"minecraft:killed_by":{"minecraft:player":1},"minecraft:picked_up":{"minecraft:crafting_table":6,"minecraft:brewing_stand":2,"minecraft:string":38,"minecraft:item_frame":1,"minecraft:white_carpet":2,"minecraft:spruce_planks":26,"minecraft:beef":2,"minecraft:lectern":12,"minecraft:sugar_cane":15,"minecraft:iron_boots":1,"mcda:wolf_pelt_black":1,"minecraft:stick":24,"minecraft:oak_fence":1,"minecraft:copper_ingot":2,"minecraft:porkchop":11,"minecraft:carrot":18,"minecraft:cauldron":2,"minecraft:arrow":1,"minecraft:rotten_flesh":9,"minecraft:hay_block":18,"create:asurine":94,"minecraft:iron_bars":11,"minecraft:mutton":18,"minecraft:cobblestone":48,"minecraft:white_wool":22,"minecraft:potato":17,"minecraft:acacia_wood":5,"minecraft:oak_log":20,"simplyswords:diamond_glaive":1,"minecraft:dirt":23,"minecraft:lantern":1,"naturalist:glow_goop":1,"minecraft:bone":3,"minecraft:rabbit_hide":2,"minecraft:iron_ingot":1,"minecraft:fletching_table":1,"minecraft:diamond_helmet":1,"minecraft:rabbit":3,"minecraft:book":87,"minecraft:pumpkin":26,"minecraft:sweet_berries":16,"mcdw:hammer_great_hammer":2,"minecraft:quartz":3,"minecraft:gravel":2,"minecraft:jungle_planks":1,"minecraft:spruce_sapling":24,"minecraft:spruce_log":68,"minecraft:cyan_bed":2,"minecraft:slime_ball":2,"minecraft:iron_helmet":1,"minecraft:emerald":11,"minecraft:oak_sapling":3,"minecraft:coal":5},"minecraft:used":{"minecraft:oak_fence":1,"simplyswords:diamond_glaive":43,"minecraft:spruce_planks":30,"minecraft:dirt":9,"minecraft:white_carpet":2,"minecraft:jungle_planks":1,"minecraft:carrot":15,"minecraft:diamond_helmet":1,"minecraft:wooden_axe":60,"minecraft:iron_helmet":1,"minecraft:iron_boots":1,"minecraft:oak_sapling":3,"minecraft:goat_horn":11,"minecraft:acacia_wood":1,"minecraft:egg":3,"minecraft:acacia_planks":16,"simplyswords:iron_spear":179,"minecraft:stone_pickaxe":102,"minecraft:wooden_pickaxe":59,"minecraft:cauldron":2,"minecraft:fletching_table":1,"minecraft:cookie":3,"minecraft:crafting_table":11,"paladins:iron_kite_shield":16,"minecraft:oak_log":1,"minecraft:string":1,"minecraft:cyan_bed":1,"minecraft:bread":33,"minecraft:lectern":12,"minecraft:stone_axe":127,"minecraft:wooden_sword":28,"minecraft:cobblestone":22,"mcdw:hammer_great_hammer":56},"minecraft:broken":{"minecraft:wooden_pickaxe":1,"minecraft:wooden_axe":1},"minecraft:crafted":{"minecraft:oak_planks":76,"minecraft:bow":6,"minecraft:stone_pickaxe":1,"minecraft:chest":1,"minecraft:dark_oak_planks":16,"minecraft:wheat":99,"minecraft:emerald":22,"sophisticatedbackpacks:backpack":1,"minecraft:crafting_table":5,"minecraft:spruce_planks":272,"minecraft:wooden_pickaxe":1,"minecraft:stone_axe":1,"minecraft:bread":34,"minecraft:air":0,"minecraft:paper":6,"minecraft:stick":608,"minecraft:wooden_axe":1,"minecraft:acacia_planks":16}},"DataVersion":3465}