{"stats":{"minecraft:picked_up":{"minecraft:stick":6,"minecraft:crafting_table":1,"mcdw:hammer_great_hammer":2,"minecraft:copper_ingot":2,"minecraft:potato":1,"minecraft:porkchop":2,"minecraft:spruce_sapling":14,"minecraft:spruce_log":30,"minecraft:dirt":2,"minecraft:rotten_flesh":5,"minecraft:iron_helmet":1,"minecraft:sugar_cane":6,"minecraft:mutton":2,"minecraft:white_wool":1,"minecraft:cobblestone":32,"minecraft:iron_boots":1},"minecraft:dropped":{"minecraft:mutton":1,"mcdw:hammer_great_hammer":1,"minecraft:crossbow":1,"paladins:iron_kite_shield":1},"minecraft:crafted":{"minecraft:crafting_table":1,"minecraft:stick":8,"minecraft:wooden_pickaxe":1,"minecraft:wooden_axe":1,"minecraft:dark_oak_planks":16},"minecraft:mined":{"minecraft:spruce_log":22,"minecraft:crafting_table":1,"minecraft:grass_block":1,"minecraft:dirt":1,"minecraft:cobblestone":16,"minecraft:spruce_leaves":8,"minecraft:stone":15,"minecraft:sugar_cane":3},"minecraft:used":{"minecraft:wooden_axe":23,"minecraft:bread":6,"minecraft:iron_helmet":1,"minecraft:wooden_pickaxe":31,"minecraft:iron_boots":1,"minecraft:wooden_sword":28,"minecraft:dirt":2,"minecraft:crafting_table":1,"minecraft:goat_horn":3,"minecraft:carrot":1,"mcdw:hammer_great_hammer":36},"minecraft:custom":{"minecraft:time_since_rest":27946,"minecraft:interact_with_furnace":1,"minecraft:sprint_one_cm":37055,"minecraft:damage_taken":456,"minecraft:walk_one_cm":58671,"minecraft:mob_kills":13,"minecraft:drop":4,"minecraft:damage_dealt":3243,"minecraft:fly_one_cm":51663,"minecraft:interact_with_crafting_table":3,"minecraft:swim_one_cm":19057,"minecraft:open_barrel":7,"minecraft:open_chest":2,"minecraft:crouch_one_cm":5612,"minecraft:play_time":27946,"minecraft:sneak_time":1435,"minecraft:walk_under_water_one_cm":7424,"minecraft:boat_one_cm":17656,"minecraft:jump":310,"minecraft:leave_game":1,"minecraft:walk_on_water_one_cm":7963,"minecraft:time_since_death":27946,"minecraft:climb_one_cm":455,"minecraft:total_world_time":27946},"minecraft:killed":{"minecraft:sheep":1,"minecraft:zombie":7,"minecraft:pig":2,"minecraft:drowned":3}},"DataVersion":3465}