{"stats":{"minecraft:picked_up":{"minecraft:stick":6,"minecraft:crafting_table":1,"mcdw:hammer_great_hammer":1,"minecraft:potato":1,"minecraft:spruce_sapling":14,"minecraft:spruce_log":30,"minecraft:dirt":2,"minecraft:iron_helmet":1,"minecraft:sugar_cane":6,"minecraft:cobblestone":32,"minecraft:iron_boots":1},"minecraft:dropped":{"minecraft:crossbow":1},"minecraft:crafted":{"minecraft:crafting_table":1,"minecraft:stick":8,"minecraft:wooden_pickaxe":1,"minecraft:wooden_axe":1,"minecraft:dark_oak_planks":16},"minecraft:mined":{"minecraft:spruce_log":22,"minecraft:crafting_table":1,"minecraft:grass_block":1,"minecraft:dirt":1,"minecraft:cobblestone":16,"minecraft:spruce_leaves":8,"minecraft:stone":15,"minecraft:sugar_cane":3},"minecraft:used":{"minecraft:wooden_axe":23,"minecraft:bread":6,"minecraft:iron_helmet":1,"minecraft:wooden_pickaxe":31,"minecraft:iron_boots":1,"minecraft:wooden_sword":28,"minecraft:dirt":2,"minecraft:crafting_table":1},"minecraft:custom":{"minecraft:time_since_rest":15562,"minecraft:interact_with_furnace":1,"minecraft:sprint_one_cm":22565,"minecraft:damage_taken":295,"minecraft:walk_one_cm":39572,"minecraft:mob_kills":2,"minecraft:drop":1,"minecraft:damage_dealt":813,"minecraft:fly_one_cm":30265,"minecraft:interact_with_crafting_table":2,"minecraft:swim_one_cm":4537,"minecraft:open_chest":2,"minecraft:crouch_one_cm":5578,"minecraft:play_time":15562,"minecraft:sneak_time":1299,"minecraft:walk_under_water_one_cm":249,"minecraft:jump":179,"minecraft:leave_game":1,"minecraft:walk_on_water_one_cm":2224,"minecraft:time_since_death":15562,"minecraft:total_world_time":15562},"minecraft:killed":{"minecraft:zombie":2}},"DataVersion":3465}