{"stats":{"minecraft:mined":{"minecraft:tuff":1,"minecraft:spruce_planks":7,"minecraft:powder_snow":1,"minecraft:brewing_stand":1,"minecraft:oak_fence":1,"minecraft:crafting_table":6,"minecraft:grass_block":2,"minecraft:jungle_planks":1,"minecraft:lectern":12,"minecraft:cobblestone":27,"minecraft:spruce_leaves":16,"minecraft:cyan_bed":2,"minecraft:sugar_cane":7,"minecraft:large_fern":2,"minecraft:hay_block":18,"minecraft:carrots":5,"minecraft:acacia_wood":5,"minecraft:fire":6,"minecraft:sweet_berry_bush":5,"minecraft:ice":2,"minecraft:spruce_log":66,"minecraft:birch_leaves":1,"minecraft:pumpkin":26,"create:asurine":94,"minecraft:grass":2,"minecraft:bookshelf":29,"minecraft:potatoes":4,"minecraft:oak_log":28,"minecraft:coal_ore":5,"minecraft:iron_bars":11,"minecraft:gravel":2,"minecraft:dirt":2,"minecraft:cobweb":30,"minecraft:stone":17,"minecraft:oak_leaves":8,"minecraft:fern":3},"minecraft:custom":{"minecraft:interact_with_furnace":2,"minecraft:mob_kills":45,"minecraft:traded_with_villager":5,"minecraft:interact_with_crafting_table":14,"minecraft:open_barrel":16,"minecraft:leave_game":5,"minecraft:time_since_death":59620,"minecraft:sleep_in_bed":3,"minecraft:climb_one_cm":3458,"minecraft:time_since_rest":15541,"minecraft:sprint_one_cm":255922,"minecraft:damage_taken":2712,"minecraft:walk_one_cm":339316,"minecraft:damage_blocked_by_shield":125,"minecraft:drop":15,"minecraft:damage_dealt":8880,"minecraft:swim_one_cm":90636,"minecraft:talked_to_villager":32,"minecraft:fly_one_cm":409108,"minecraft:open_chest":23,"minecraft:play_time":234964,"minecraft:crouch_one_cm":26285,"minecraft:deaths":6,"minecraft:sneak_time":7497,"minecraft:walk_under_water_one_cm":19278,"minecraft:boat_one_cm":71795,"minecraft:jump":2290,"minecraft:walk_on_water_one_cm":32608,"minecraft:total_world_time":234964,"minecraft:fall_one_cm":1075,"minecraft:horse_one_cm":9855},"minecraft:used":{"simplyswords:iron_spear":120,"minecraft:oak_fence":1,"minecraft:stone_pickaxe":99,"minecraft:spruce_planks":27,"minecraft:wooden_pickaxe":59,"minecraft:cookie":3,"minecraft:dirt":2,"minecraft:crafting_table":9,"minecraft:jungle_planks":1,"minecraft:carrot":15,"minecraft:diamond_helmet":1,"paladins:iron_kite_shield":4,"minecraft:oak_log":1,"minecraft:wooden_axe":60,"minecraft:iron_boots":1,"minecraft:bread":18,"minecraft:cyan_bed":1,"minecraft:lectern":12,"minecraft:iron_helmet":1,"minecraft:stone_axe":123,"minecraft:wooden_sword":28,"minecraft:cobblestone":16,"minecraft:oak_sapling":3,"minecraft:goat_horn":11,"minecraft:acacia_wood":1,"minecraft:egg":3,"mcdw:hammer_great_hammer":56,"minecraft:acacia_planks":16},"minecraft:crafted":{"sophisticatedbackpacks:backpack":1,"minecraft:emerald":5,"minecraft:crafting_table":3,"minecraft:spruce_planks":64,"minecraft:wooden_pickaxe":1,"minecraft:stone_axe":1,"minecraft:bread":34,"minecraft:air":0,"minecraft:paper":6,"minecraft:stick":8,"minecraft:stone_pickaxe":1,"minecraft:wooden_axe":1,"minecraft:chest":1,"minecraft:acacia_planks":16,"minecraft:dark_oak_planks":16,"minecraft:wheat":99},"minecraft:killed":{"minecraft:pig":2,"naturalist:firefly":1,"minecraft:rabbit":2,"creeperoverhaul:snowy_creeper":1,"naturalist:snail":1,"minecraft:sheep":10,"minecraft:skeleton":2,"minecraft:pillager":3,"minecraft:zombie":13,"minecraft:chicken":1,"minecraft:stray":1,"minecraft:drowned":3,"minecraft:cow":1},"minecraft:broken":{"minecraft:wooden_axe":1,"minecraft:wooden_pickaxe":1},"minecraft:picked_up":{"minecraft:crafting_table":6,"minecraft:potato":17,"minecraft:acacia_wood":5,"minecraft:oak_log":20,"minecraft:brewing_stand":1,"minecraft:dirt":23,"minecraft:string":30,"minecraft:lantern":1,"naturalist:glow_goop":1,"minecraft:bone":3,"minecraft:rabbit_hide":1,"minecraft:spruce_planks":4,"minecraft:iron_ingot":1,"minecraft:beef":2,"minecraft:rabbit":2,"minecraft:lectern":12,"minecraft:sugar_cane":15,"mcda:wolf_pelt_black":1,"minecraft:iron_boots":1,"minecraft:book":87,"minecraft:stick":24,"minecraft:pumpkin":26,"minecraft:sweet_berries":16,"mcdw:hammer_great_hammer":2,"minecraft:copper_ingot":2,"minecraft:oak_fence":1,"minecraft:gravel":2,"minecraft:porkchop":2,"minecraft:jungle_planks":1,"minecraft:spruce_sapling":24,"minecraft:spruce_log":68,"minecraft:carrot":18,"minecraft:cyan_bed":2,"minecraft:arrow":1,"minecraft:rotten_flesh":9,"minecraft:hay_block":18,"minecraft:iron_helmet":1,"create:asurine":94,"minecraft:oak_sapling":3,"minecraft:mutton":4,"minecraft:iron_bars":11,"minecraft:coal":5,"minecraft:white_wool":11,"minecraft:cobblestone":47},"minecraft:dropped":{"minecraft:gravel":2,"minecraft:porkchop":2,"minecraft:golden_horse_armor":1,"minecraft:crossbow":1,"minecraft:rotten_flesh":6,"paladins:iron_kite_shield":1,"minecraft:mutton":2,"mcdw:hammer_great_hammer":2,"minecraft:leather_boots":1,"minecraft:beef":1,"minecraft:dark_oak_planks":2,"minecraft:white_wool":1}},"DataVersion":3465}