{"stats":{"minecraft:killed":{"graveyard:nightmare":1,"graveyard:revenant":1,"minecraft:spider":7,"creeperoverhaul:snowy_creeper":3,"naturalist:snail":3,"minecraft:skeleton":3,"minecraft:chicken":1,"minecraft:drowned":3,"minecraft:pig":6,"naturalist:firefly":1,"minecraft:rabbit":4,"minecraft:sheep":19,"minecraft:pillager":3,"minecraft:zombie":21,"minecraft:stray":3,"minecraft:player":1,"minecraft:cow":1},"minecraft:mined":{"create:zinc_ore":13,"minecraft:tuff":1,"minecraft:spruce_planks":10,"minecraft:deepslate_diamond_ore":1,"epicknightsnmages:deepslate_citrin_ore":1,"minecraft:brewing_stand":1,"minecraft:grass_block":5,"minecraft:jungle_planks":1,"minecraft:spruce_leaves":16,"epicknightsnmages:citrin_ore":5,"minecraft:large_fern":2,"minecraft:hay_block":18,"minecraft:furnace":1,"minecraft:carrots":5,"minecraft:iron_ore":17,"minecraft:fire":6,"minecraft:acacia_wood":5,"minecraft:pumpkin":26,"minecraft:fletching_table":1,"create:asurine":94,"minecraft:bookshelf":29,"minecraft:potatoes":4,"minecraft:deepslate_iron_ore":13,"minecraft:iron_bars":11,"minecraft:stone":43,"villagersplus:spruce_horticulturist_table":1,"epicknightsnmages:moonlight_ore":4,"minecraft:deepslate_redstone_ore":4,"minecraft:light_gray_carpet":2,"minecraft:brown_carpet":1,"minecraft:powder_snow":1,"minecraft:oak_fence":1,"minecraft:crafting_table":8,"minecraft:lectern":12,"minecraft:cobblestone":30,"minecraft:cyan_bed":2,"minecraft:deepslate_gold_ore":10,"minecraft:sugar_cane":7,"minecraft:cauldron":3,"jewelry:deepslate_gem_vein":3,"minecraft:sweet_berry_bush":5,"minecraft:ice":3,"minecraft:white_carpet":9,"minecraft:spruce_log":69,"minecraft:birch_leaves":1,"minecraft:grass":2,"minecraft:oak_log":28,"minecraft:coal_ore":46,"minecraft:gravel":2,"minecraft:dirt":5,"minecraft:cobweb":52,"minecraft:gold_ore":1,"minecraft:oak_leaves":8,"minecraft:deepslate":2,"minecraft:fern":3},"minecraft:custom":{"minecraft:mob_kills":84,"minecraft:interact_with_crafting_table":28,"minecraft:open_barrel":16,"minecraft:bell_ring":3,"minecraft:leave_game":6,"minecraft:time_since_death":3257,"minecraft:climb_one_cm":6990,"minecraft:sprint_one_cm":420932,"minecraft:walk_one_cm":580789,"minecraft:damage_blocked_by_shield":461,"minecraft:drop":42,"minecraft:damage_dealt_absorbed":170,"minecraft:talked_to_villager":61,"minecraft:play_time":322143,"minecraft:sneak_time":12412,"minecraft:deaths":8,"minecraft:walk_under_water_one_cm":19733,"minecraft:boat_one_cm":71795,"minecraft:jump":3581,"minecraft:walk_on_water_one_cm":33838,"minecraft:total_world_time":322143,"minecraft:interact_with_furnace":8,"minecraft:traded_with_villager":30,"minecraft:sleep_in_bed":3,"minecraft:time_since_rest":3287,"minecraft:damage_taken":4364,"minecraft:damage_dealt":17695,"minecraft:player_kills":1,"minecraft:swim_one_cm":90636,"minecraft:fly_one_cm":657894,"minecraft:open_chest":54,"minecraft:crouch_one_cm":44416,"minecraft:fall_one_cm":1584,"minecraft:horse_one_cm":22078},"minecraft:dropped":{"farmersdelight:tomato_seeds":4,"minecraft:porkchop":2,"minecraft:golden_horse_armor":1,"minecraft:crossbow":2,"paladins:iron_kite_shield":1,"minecraft:item_frame":2,"minecraft:dirt":1,"minecraft:brewing_stand":1,"minecraft:mutton":2,"mcdw:hammer_great_hammer":2,"minecraft:dark_oak_planks":2,"minecraft:string":3,"minecraft:white_wool":1,"minecraft:snow_block":1,"minecraft:gravel":2,"farmersdelight:cabbage_seeds":3,"minecraft:rotten_flesh":11,"minecraft:gunpowder":1,"tctimod:cursed_sack":1,"minecraft:spruce_planks":23,"minecraft:beetroot_seeds":1,"minecraft:leather_boots":1,"minecraft:spider_eye":1,"minecraft:bow":7,"minecraft:beef":1,"minecraft:quartz":3},"minecraft:killed_by":{"minecraft:player":2},"minecraft:picked_up":{"minecraft:crafting_table":8,"jewelry:citrine":2,"minecraft:brewing_stand":2,"minecraft:string":64,"epicknightsnmages:moonlight_gem":4,"minecraft:item_frame":2,"minecraft:white_carpet":2,"graveyard:corruption":3,"minecraft:cobbled_deepslate":2,"minecraft:spruce_planks":45,"minecraft:beef":2,"minecraft:lectern":12,"minecraft:sugar_cane":15,"minecraft:furnace":1,"minecraft:iron_boots":1,"mcda:wolf_pelt_black":1,"minecraft:tipped_arrow":2,"minecraft:stick":24,"minecraft:raw_iron":30,"minecraft:oak_fence":1,"minecraft:copper_ingot":2,"jewelry:jade":1,"sophisticatedbackpacks:backpack":1,"minecraft:porkchop":11,"minecraft:carrot":18,"minecraft:redstone":16,"minecraft:cauldron":3,"minecraft:arrow":4,"minecraft:rotten_flesh":11,"minecraft:hay_block":18,"create:asurine":94,"minecraft:iron_bars":11,"minecraft:mutton":18,"minecraft:cobblestone":75,"minecraft:white_wool":24,"epicknightsnmages:citrin_gem":6,"more_jewels:opal":1,"minecraft:acacia_wood":5,"minecraft:potato":17,"create:raw_zinc":13,"minecraft:oak_log":20,"minecraft:gunpowder":2,"simplyswords:diamond_glaive":1,"minecraft:dirt":28,"minecraft:lantern":1,"naturalist:glow_goop":1,"minecraft:bone":7,"minecraft:raw_gold":11,"minecraft:rabbit_hide":3,"minecraft:iron_ingot":1,"minecraft:diamond_helmet":1,"minecraft:fletching_table":1,"minecraft:rabbit":4,"minecraft:book":87,"minecraft:pumpkin":26,"minecraft:sweet_berries":16,"mcdw:hammer_great_hammer":2,"minecraft:quartz":3,"minecraft:gravel":2,"minecraft:jungle_planks":1,"minecraft:spruce_sapling":24,"minecraft:spruce_log":71,"minecraft:cyan_bed":2,"minecraft:spider_eye":1,"minecraft:slime_ball":2,"minecraft:diamond":1,"more_jewels:aquamarine":1,"minecraft:iron_helmet":1,"minecraft:crossbow":1,"minecraft:emerald":11,"minecraft:oak_sapling":3,"minecraft:coal":65},"minecraft:used":{"minecraft:oak_fence":1,"simplyswords:diamond_glaive":140,"minecraft:chest":1,"minecraft:spruce_planks":36,"minecraft:torch":9,"minecraft:dirt":25,"minecraft:white_carpet":2,"minecraft:jungle_planks":1,"minecraft:carrot":15,"minecraft:diamond_helmet":1,"minecraft:wooden_axe":60,"minecraft:iron_helmet":1,"minecraft:iron_boots":1,"minecraft:oak_sapling":3,"minecraft:goat_horn":11,"minecraft:furnace":1,"minecraft:acacia_wood":1,"minecraft:egg":3,"minecraft:acacia_planks":16,"simplyswords:iron_spear":179,"minecraft:stone_pickaxe":184,"minecraft:wooden_pickaxe":59,"minecraft:cauldron":3,"minecraft:fletching_table":1,"minecraft:cookie":3,"simplyswords:diamond_greataxe":3,"minecraft:crafting_table":13,"minecraft:crossbow":1,"paladins:iron_kite_shield":16,"minecraft:oak_log":1,"minecraft:string":1,"minecraft:iron_pickaxe":64,"minecraft:bread":45,"minecraft:cyan_bed":1,"minecraft:lectern":12,"minecraft:stone_axe":130,"minecraft:wooden_sword":28,"minecraft:cobblestone":22,"mcdw:hammer_great_hammer":56},"minecraft:broken":{"minecraft:wooden_pickaxe":1,"minecraft:stone_pickaxe":1,"minecraft:wooden_axe":1},"minecraft:crafted":{"minecraft:oak_planks":76,"minecraft:furnace":1,"minecraft:bow":8,"minecraft:stone_pickaxe":2,"minecraft:chest":2,"minecraft:dark_oak_planks":16,"minecraft:wheat":99,"minecraft:emerald":22,"sophisticatedbackpacks:backpack":1,"minecraft:crafting_table":6,"minecraft:spruce_planks":284,"minecraft:wooden_pickaxe":1,"minecraft:stone_axe":1,"minecraft:bread":34,"minecraft:air":0,"minecraft:paper":6,"minecraft:stick":608,"minecraft:iron_ingot":17,"minecraft:iron_pickaxe":1,"minecraft:wooden_axe":1,"minecraft:acacia_planks":16,"minecraft:torch":96}},"DataVersion":3465}