{"stats":{"minecraft:picked_up":{"minecraft:crafting_table":4,"minecraft:potato":17,"minecraft:acacia_wood":5,"minecraft:dirt":2,"minecraft:lantern":1,"naturalist:glow_goop":1,"minecraft:bone":1,"minecraft:spruce_planks":4,"minecraft:rabbit_hide":1,"minecraft:rabbit":1,"minecraft:sugar_cane":15,"minecraft:iron_boots":1,"minecraft:stick":15,"minecraft:pumpkin":25,"mcdw:hammer_great_hammer":2,"minecraft:copper_ingot":2,"minecraft:gravel":2,"minecraft:porkchop":2,"minecraft:jungle_planks":1,"minecraft:spruce_sapling":24,"minecraft:carrot":18,"minecraft:cyan_bed":1,"minecraft:spruce_log":68,"minecraft:rotten_flesh":6,"minecraft:iron_helmet":1,"create:asurine":94,"minecraft:mutton":2,"minecraft:coal":5,"minecraft:white_wool":1,"minecraft:cobblestone":32},"minecraft:dropped":{"minecraft:gravel":2,"minecraft:porkchop":2,"minecraft:crossbow":1,"minecraft:rotten_flesh":6,"paladins:iron_kite_shield":1,"minecraft:mutton":2,"mcdw:hammer_great_hammer":1,"minecraft:dark_oak_planks":2,"minecraft:white_wool":1},"minecraft:broken":{"minecraft:wooden_axe":1,"minecraft:wooden_pickaxe":1},"minecraft:killed":{"minecraft:pig":2,"naturalist:firefly":1,"minecraft:rabbit":1,"minecraft:sheep":1,"minecraft:pillager":3,"minecraft:zombie":8,"minecraft:stray":1,"minecraft:drowned":3},"minecraft:custom":{"minecraft:interact_with_furnace":2,"minecraft:mob_kills":23,"minecraft:traded_with_villager":1,"minecraft:interact_with_crafting_table":7,"minecraft:open_barrel":8,"minecraft:leave_game":4,"minecraft:time_since_death":7674,"minecraft:climb_one_cm":455,"minecraft:time_since_rest":7701,"minecraft:sprint_one_cm":116079,"minecraft:damage_taken":2394,"minecraft:walk_one_cm":164225,"minecraft:damage_blocked_by_shield":125,"minecraft:drop":11,"minecraft:damage_dealt":6309,"minecraft:swim_one_cm":83989,"minecraft:talked_to_villager":3,"minecraft:fly_one_cm":186506,"minecraft:open_chest":6,"minecraft:crouch_one_cm":18936,"minecraft:play_time":183018,"minecraft:deaths":6,"minecraft:sneak_time":5400,"minecraft:walk_under_water_one_cm":17501,"minecraft:boat_one_cm":71795,"minecraft:jump":1104,"minecraft:walk_on_water_one_cm":24506,"minecraft:total_world_time":183018,"minecraft:fall_one_cm":395},"minecraft:used":{"simplyswords:iron_spear":33,"minecraft:stone_pickaxe":74,"minecraft:spruce_planks":27,"minecraft:wooden_pickaxe":59,"minecraft:cookie":3,"minecraft:dirt":2,"minecraft:crafting_table":5,"minecraft:jungle_planks":1,"minecraft:carrot":4,"paladins:iron_kite_shield":4,"minecraft:wooden_axe":60,"minecraft:bread":12,"minecraft:iron_helmet":1,"minecraft:iron_boots":1,"minecraft:stone_axe":49,"minecraft:wooden_sword":28,"minecraft:goat_horn":11,"minecraft:acacia_wood":1,"mcdw:hammer_great_hammer":56,"minecraft:acacia_planks":16},"minecraft:crafted":{"minecraft:emerald":1,"minecraft:crafting_table":2,"minecraft:spruce_planks":64,"minecraft:wooden_pickaxe":1,"minecraft:stone_axe":1,"minecraft:bread":1,"minecraft:air":0,"minecraft:stick":8,"minecraft:stone_pickaxe":1,"minecraft:wooden_axe":1,"minecraft:acacia_planks":16,"minecraft:dark_oak_planks":16},"minecraft:killed_by":{"man:managgresive":2},"minecraft:mined":{"minecraft:tuff":1,"minecraft:spruce_planks":7,"minecraft:crafting_table":4,"minecraft:grass_block":1,"minecraft:jungle_planks":1,"minecraft:cobblestone":16,"minecraft:spruce_leaves":15,"minecraft:cyan_bed":1,"minecraft:sugar_cane":7,"minecraft:large_fern":2,"minecraft:carrots":5,"minecraft:fire":6,"minecraft:acacia_wood":5,"minecraft:spruce_log":66,"minecraft:pumpkin":25,"create:asurine":94,"minecraft:grass":1,"minecraft:potatoes":4,"minecraft:coal_ore":5,"minecraft:gravel":2,"minecraft:dirt":1,"minecraft:stone":15,"minecraft:oak_leaves":8,"minecraft:fern":3}},"DataVersion":3465}