{"stats":{"minecraft:picked_up":{"minecraft:crafting_table":6,"minecraft:potato":17,"minecraft:acacia_wood":5,"minecraft:oak_log":20,"minecraft:string":2,"minecraft:dirt":2,"minecraft:lantern":1,"naturalist:glow_goop":1,"minecraft:bone":1,"minecraft:spruce_planks":4,"minecraft:rabbit_hide":1,"minecraft:rabbit":2,"minecraft:sugar_cane":15,"minecraft:iron_boots":1,"minecraft:stick":20,"minecraft:pumpkin":26,"minecraft:oak_fence":1,"mcdw:hammer_great_hammer":2,"minecraft:copper_ingot":2,"minecraft:gravel":2,"minecraft:porkchop":2,"minecraft:jungle_planks":1,"minecraft:spruce_sapling":24,"minecraft:carrot":18,"minecraft:cyan_bed":2,"minecraft:spruce_log":68,"minecraft:rotten_flesh":6,"minecraft:hay_block":11,"minecraft:iron_helmet":1,"create:asurine":94,"minecraft:oak_sapling":3,"minecraft:iron_bars":7,"minecraft:mutton":2,"minecraft:coal":5,"minecraft:white_wool":7,"minecraft:cobblestone":39},"minecraft:dropped":{"minecraft:gravel":2,"minecraft:porkchop":2,"minecraft:golden_horse_armor":1,"minecraft:crossbow":1,"minecraft:rotten_flesh":6,"paladins:iron_kite_shield":1,"minecraft:mutton":2,"mcdw:hammer_great_hammer":2,"minecraft:leather_boots":1,"minecraft:dark_oak_planks":2,"minecraft:white_wool":1},"minecraft:broken":{"minecraft:wooden_axe":1,"minecraft:wooden_pickaxe":1},"minecraft:killed":{"minecraft:pig":2,"naturalist:firefly":1,"minecraft:rabbit":2,"minecraft:sheep":8,"minecraft:pillager":3,"minecraft:zombie":11,"minecraft:chicken":1,"minecraft:stray":1,"minecraft:drowned":3},"minecraft:custom":{"minecraft:interact_with_furnace":2,"minecraft:mob_kills":35,"minecraft:traded_with_villager":1,"minecraft:interact_with_crafting_table":13,"minecraft:open_barrel":16,"minecraft:leave_game":4,"minecraft:time_since_death":31674,"minecraft:sleep_in_bed":2,"minecraft:climb_one_cm":2976,"minecraft:time_since_rest":1261,"minecraft:sprint_one_cm":187815,"minecraft:damage_taken":2501,"minecraft:walk_one_cm":235122,"minecraft:damage_blocked_by_shield":125,"minecraft:drop":14,"minecraft:damage_dealt":7512,"minecraft:swim_one_cm":90636,"minecraft:talked_to_villager":8,"minecraft:fly_one_cm":308749,"minecraft:open_chest":18,"minecraft:crouch_one_cm":22351,"minecraft:play_time":207018,"minecraft:deaths":6,"minecraft:sneak_time":6379,"minecraft:walk_under_water_one_cm":19113,"minecraft:boat_one_cm":71795,"minecraft:jump":1667,"minecraft:walk_on_water_one_cm":31453,"minecraft:total_world_time":207018,"minecraft:fall_one_cm":1075},"minecraft:used":{"simplyswords:iron_spear":65,"minecraft:oak_fence":1,"minecraft:stone_pickaxe":88,"minecraft:spruce_planks":27,"minecraft:wooden_pickaxe":59,"minecraft:cookie":3,"minecraft:dirt":2,"minecraft:crafting_table":8,"minecraft:jungle_planks":1,"minecraft:carrot":15,"paladins:iron_kite_shield":4,"minecraft:oak_log":1,"minecraft:wooden_axe":60,"minecraft:cyan_bed":1,"minecraft:bread":12,"minecraft:iron_helmet":1,"minecraft:iron_boots":1,"minecraft:stone_axe":82,"minecraft:wooden_sword":28,"minecraft:cobblestone":10,"minecraft:oak_sapling":3,"minecraft:goat_horn":11,"minecraft:acacia_wood":1,"minecraft:egg":2,"mcdw:hammer_great_hammer":56,"minecraft:acacia_planks":16},"minecraft:crafted":{"sophisticatedbackpacks:backpack":1,"minecraft:emerald":1,"minecraft:crafting_table":2,"minecraft:spruce_planks":64,"minecraft:wooden_pickaxe":1,"minecraft:stone_axe":1,"minecraft:bread":34,"minecraft:air":0,"minecraft:stick":8,"minecraft:stone_pickaxe":1,"minecraft:wooden_axe":1,"minecraft:chest":1,"minecraft:acacia_planks":16,"minecraft:dark_oak_planks":16,"minecraft:wheat":99},"minecraft:killed_by":{"man:managgresive":2},"minecraft:mined":{"minecraft:tuff":1,"minecraft:spruce_planks":7,"minecraft:oak_fence":1,"minecraft:crafting_table":6,"minecraft:grass_block":1,"minecraft:jungle_planks":1,"minecraft:cobblestone":21,"minecraft:spruce_leaves":15,"minecraft:cyan_bed":2,"minecraft:sugar_cane":7,"minecraft:large_fern":2,"minecraft:hay_block":11,"minecraft:carrots":5,"minecraft:fire":6,"minecraft:acacia_wood":5,"minecraft:birch_leaves":1,"minecraft:spruce_log":66,"minecraft:pumpkin":26,"create:asurine":94,"minecraft:grass":1,"minecraft:oak_log":28,"minecraft:potatoes":4,"minecraft:coal_ore":5,"minecraft:iron_bars":7,"minecraft:cobweb":4,"minecraft:gravel":2,"minecraft:dirt":1,"minecraft:stone":17,"minecraft:oak_leaves":8,"minecraft:fern":3}},"DataVersion":3465}