{
  "rpg_series:root": {
    "criteria": {
      "always": "2024-07-30 00:06:34 +0000"
    },
    "done": true
  },
  "create:root": {
    "criteria": {
      "0": "2024-07-30 00:06:34 +0000"
    },
    "done": true
  },
  "simplyswords:grant_book_on_first_join": {
    "criteria": {
      "tick": "2024-07-30 00:06:34 +0000"
    },
    "done": true
  },
  "minecraft:recipes/decorations/crafting_table": {
    "criteria": {
      "unlock_right_away": "2024-07-30 00:06:34 +0000"
    },
    "done": true
  },
  "naturalist:recipes/food/cooked_egg": {
    "criteria": {
      "has_eggs": "2024-07-30 00:06:34 +0000"
    },
    "done": true
  },
  "dungeons_arise:wda_root": {
    "criteria": {
      "WDA": "2024-07-30 00:06:34 +0000"
    },
    "done": true
  },
  "betterdungeons:root": {
    "criteria": {
      "always": "2024-07-30 00:06:34 +0000"
    },
    "done": true
  },
  "betterdeserttemples:root": {
    "criteria": {
      "always": "2024-07-30 00:06:34 +0000"
    },
    "done": true
  },
  "farmersdelight:main/root": {
    "criteria": {
      "seeds": "2024-07-30 00:06:34 +0000"
    },
    "done": true
  },
  "mcda:recipes/base_armors/goat_gear_boots": {
    "criteria": {
      "has_leather_boots": "2024-07-30 00:06:35 +0000"
    },
    "done": true
  },
  "betternether:root": {
    "criteria": {
      "welcome": "2024-07-30 00:06:35 +0000"
    },
    "done": true
  },
  "betterend:root": {
    "criteria": {
      "welcome": "2024-07-30 00:06:35 +0000"
    },
    "done": true
  },
  "mcda:recipes/base_armors/climbing_gear_boots": {
    "criteria": {
      "has_leather_boots": "2024-07-30 00:06:35 +0000"
    },
    "done": true
  },
  "mcda:recipes/base_armors/scale_mail_boots": {
    "criteria": {
      "has_leather_boots": "2024-07-30 00:06:35 +0000"
    },
    "done": true
  },
  "mcda:recipes/unique_armors/archers_boots": {
    "criteria": {
      "has_leather_boots": "2024-07-30 00:06:35 +0000"
    },
    "done": true
  },
  "mcda:recipes/base_armors/squid_armor_boots": {
    "criteria": {
      "has_leather_boots": "2024-07-30 00:06:35 +0000"
    },
    "done": true
  },
  "mcda:recipes/base_armors/guards_armor_boots": {
    "criteria": {
      "has_leather_boots": "2024-07-30 00:06:35 +0000"
    },
    "done": true
  },
  "minecraft:recipes/decorations/ladder": {
    "criteria": {
      "has_stick": "2024-07-30 00:18:09 +0000"
    },
    "done": true
  },
  "betternether:recipes/decorations/wart_ladder": {
    "criteria": {
      "has_stick": "2024-07-30 00:18:09 +0000"
    },
    "done": true
  },
  "betterend:recipes/decorations/lacugrove_bar_stool": {
    "criteria": {
      "has_stick": "2024-07-30 00:18:10 +0000"
    },
    "done": true
  },
  "smallships:recipes/transportation/bamboo_galley": {
    "criteria": {
      "in_water": "2024-07-30 00:18:46 +0000"
    },
    "done": true
  },
  "betterend:recipes/decorations/lucernia_chair": {
    "criteria": {
      "has_stick": "2024-07-30 00:18:10 +0000"
    },
    "done": true
  },
  "smallships:recipes/transportation/spruce_cog": {
    "criteria": {
      "in_water": "2024-07-30 00:18:46 +0000"
    },
    "done": true
  },
  "betternether:recipes/decorations/nether_reed_fence": {
    "criteria": {
      "has_stick": "2024-07-30 00:18:09 +0000"
    },
    "done": true
  },
  "betternether:recipes/decorations/mushroom_fir_bar_stool": {
    "criteria": {
      "has_stick": "2024-07-30 00:18:09 +0000"
    },
    "done": true
  },
  "betternether:recipes/decorations/willow_taburet": {
    "criteria": {
      "has_stick": "2024-07-30 00:18:09 +0000"
    },
    "done": true
  },
  "smallships:recipes/transportation/acacia_cog": {
    "criteria": {
      "in_water": "2024-07-30 00:18:46 +0000"
    },
    "done": true
  },
  "betternether:recipes/decorations/birch_bar_stool": {
    "criteria": {
      "has_stick": "2024-07-30 00:18:10 +0000"
    },
    "done": true
  },
  "betternether:recipes/decorations/warped_chair": {
    "criteria": {
      "has_stick": "2024-07-30 00:18:09 +0000"
    },
    "done": true
  },
  "mcda:recipes/crafting_items/fabric_bolt_light_blue": {
    "criteria": {
      "has_stick": "2024-07-30 00:18:10 +0000"
    },
    "done": true
  },
  "betterend:recipes/decorations/lacugrove_taburet": {
    "criteria": {
      "has_stick": "2024-07-30 00:18:10 +0000"
    },
    "done": true
  },
  "betterend:recipes/decorations/helix_tree_sign": {
    "criteria": {
      "has_stick": "2024-07-30 00:18:10 +0000"
    },
    "done": true
  },
  "betternether:recipes/redstone/rubeus_gate": {
    "criteria": {
      "has_stick": "2024-07-30 00:18:10 +0000"
    },
    "done": true
  },
  "betterend:recipes/decorations/jellyshroom_chair": {
    "criteria": {
      "has_stick": "2024-07-30 00:18:09 +0000"
    },
    "done": true
  },
  "betterend:recipes/decorations/lacugrove_ladder": {
    "criteria": {
      "has_stick": "2024-07-30 00:18:10 +0000"
    },
    "done": true
  },
  "ecologics:recipes/ecologics/azalea_boat": {
    "criteria": {
      "in_water": "2024-07-30 00:18:46 +0000"
    },
    "done": true
  },
  "mcda:recipes/crafting_items/fabric_bolt_yellow": {
    "criteria": {
      "has_stick": "2024-07-30 00:18:10 +0000"
    },
    "done": true
  },
  "betterend:recipes/decorations/end_lotus_ladder": {
    "criteria": {
      "has_stick": "2024-07-30 00:18:09 +0000"
    },
    "done": true
  },
  "betternether:recipes/redstone/piston": {
    "criteria": {
      "has_tag_minecraft_planks": "2024-07-30 00:17:47 +0000"
    },
    "done": true
  },
  "betternether:recipes/decorations/wart_fence": {
    "criteria": {
      "has_stick": "2024-07-30 00:18:09 +0000"
    },
    "done": true
  },
  "betternether:recipes/decorations/chair_cincinnasite": {
    "criteria": {
      "has_stick": "2024-07-30 00:18:09 +0000"
    },
    "done": true
  },
  "betternether:recipes/decorations/rubeus_taburet": {
    "criteria": {
      "has_stick": "2024-07-30 00:18:09 +0000"
    },
    "done": true
  },
  "betternether:recipes/decorations/crimson_chair": {
    "criteria": {
      "has_stick": "2024-07-30 00:18:10 +0000"
    },
    "done": true
  },
  "betterend:recipes/decorations/tenanea_taburet": {
    "criteria": {
      "has_stick": "2024-07-30 00:18:09 +0000"
    },
    "done": true
  },
  "mcda:recipes/crafting_items/fabric_bolt_brown": {
    "criteria": {
      "has_stick": "2024-07-30 00:18:09 +0000"
    },
    "done": true
  },
  "minecraft:recipes/tools/wooden_axe": {
    "criteria": {
      "has_stick": "2024-07-30 00:18:10 +0000"
    },
    "done": true
  },
  "betternether:recipes/decorations/crimson_bar_stool": {
    "criteria": {
      "has_stick": "2024-07-30 00:18:09 +0000"
    },
    "done": true
  },
  "betternether:recipes/decorations/jungle_bar_stool": {
    "criteria": {
      "has_stick": "2024-07-30 00:18:09 +0000"
    },
    "done": true
  },
  "betternether:recipes/decorations/wart_bar_stool": {
    "criteria": {
      "has_stick": "2024-07-30 00:18:09 +0000"
    },
    "done": true
  },
  "betternether:recipes/decorations/bamboo_chair": {
    "criteria": {
      "has_stick": "2024-07-30 00:18:10 +0000"
    },
    "done": true
  },
  "betternether:recipes/decorations/oak_taburet": {
    "criteria": {
      "has_stick": "2024-07-30 00:18:10 +0000"
    },
    "done": true
  },
  "smallships:recipes/transportation/jungle_cog": {
    "criteria": {
      "in_water": "2024-07-30 00:18:46 +0000"
    },
    "done": true
  },
  "create:recipes/misc/crafting/appliances/crafting_blueprint": {
    "criteria": {
      "has_item": "2024-07-30 00:17:57 +0000"
    },
    "done": true
  },
  "betterend:recipes/decorations/pythadendron_fence": {
    "criteria": {
      "has_stick": "2024-07-30 00:18:09 +0000"
    },
    "done": true
  },
  "smallships:recipes/transportation/dark_oak_brigg": {
    "criteria": {
      "in_water": "2024-07-30 00:18:46 +0000"
    },
    "done": true
  },
  "betternether:recipes/decorations/cherry_taburet": {
    "criteria": {
      "has_stick": "2024-07-30 00:18:09 +0000"
    },
    "done": true
  },
  "betternether:recipes/decorations/nether_mushroom_bar_stool": {
    "criteria": {
      "has_stick": "2024-07-30 00:18:09 +0000"
    },
    "done": true
  },
  "minecraft:recipes/decorations/chest": {
    "criteria": {
      "has_lots_of_items": "2024-07-30 00:18:22 +0000"
    },
    "done": true
  },
  "betternether:recipes/decorations/willow_fence": {
    "criteria": {
      "has_stick": "2024-07-30 00:18:10 +0000"
    },
    "done": true
  },
  "minecraft:recipes/misc/stick": {
    "criteria": {
      "has_planks": "2024-07-30 00:17:47 +0000"
    },
    "done": true
  },
  "smallships:recipes/transportation/birch_galley": {
    "criteria": {
      "in_water": "2024-07-30 00:18:46 +0000"
    },
    "done": true
  },
  "betternether:recipes/decorations/bamboo_taburet": {
    "criteria": {
      "has_stick": "2024-07-30 00:18:09 +0000"
    },
    "done": true
  },
  "minecraft:recipes/transportation/cherry_boat": {
    "criteria": {
      "in_water": "2024-07-30 00:18:46 +0000"
    },
    "done": true
  },
  "minecraft:adventure/kill_all_mobs": {
    "criteria": {
      "minecraft:zombie": "2024-07-30 00:19:15 +0000"
    },
    "done": false
  },
  "betternether:recipes/decorations/birch_chair": {
    "criteria": {
      "has_stick": "2024-07-30 00:18:09 +0000"
    },
    "done": true
  },
  "betterend:recipes/decorations/lacugrove_chair": {
    "criteria": {
      "has_stick": "2024-07-30 00:18:09 +0000"
    },
    "done": true
  },
  "betternether:recipes/decorations/anchor_tree_bar_stool": {
    "criteria": {
      "has_stick": "2024-07-30 00:18:09 +0000"
    },
    "done": true
  },
  "betternether:recipes/decorations/crimson_taburet": {
    "criteria": {
      "has_stick": "2024-07-30 00:18:09 +0000"
    },
    "done": true
  },
  "betternether:recipes/decorations/anchor_tree_sign": {
    "criteria": {
      "has_stick": "2024-07-30 00:18:10 +0000"
    },
    "done": true
  },
  "betterend:recipes/redstone/umbrella_tree_gate": {
    "criteria": {
      "has_stick": "2024-07-30 00:18:09 +0000"
    },
    "done": true
  },
  "betternether:recipes/transportation/rail": {
    "criteria": {
      "has_stick": "2024-07-30 00:18:09 +0000"
    },
    "done": true
  },
  "smallships:recipes/transportation/oak_drakkar": {
    "criteria": {
      "in_water": "2024-07-30 00:18:46 +0000"
    },
    "done": true
  },
  "minecraft:recipes/transportation/bamboo_raft": {
    "criteria": {
      "in_water": "2024-07-30 00:18:46 +0000"
    },
    "done": true
  },
  "smallships:recipes/transportation/mangrove_brigg": {
    "criteria": {
      "in_water": "2024-07-30 00:18:46 +0000"
    },
    "done": true
  },
  "mcdw:recipes/double_axes/double_axe_cursed": {
    "criteria": {
      "has_rotten_flesh": "2024-07-30 00:19:16 +0000"
    },
    "done": true
  },
  "betterend:recipes/decorations/lucernia_fence": {
    "criteria": {
      "has_stick": "2024-07-30 00:18:09 +0000"
    },
    "done": true
  },
  "betternether:recipes/decorations/wart_sign": {
    "criteria": {
      "has_stick": "2024-07-30 00:18:09 +0000"
    },
    "done": true
  },
  "minecraft:recipes/decorations/spruce_fence": {
    "criteria": {
      "has_planks": "2024-07-30 00:17:47 +0000"
    },
    "done": true
  },
  "smallships:recipes/transportation/jungle_brigg": {
    "criteria": {
      "in_water": "2024-07-30 00:18:46 +0000"
    },
    "done": true
  },
  "betternether:recipes/decorations/rubeus_chair": {
    "criteria": {
      "has_stick": "2024-07-30 00:18:09 +0000"
    },
    "done": true
  },
  "betternether:recipes/decorations/stalagnate_chair": {
    "criteria": {
      "has_stick": "2024-07-30 00:18:09 +0000"
    },
    "done": true
  },
  "betterend:recipes/decorations/umbrella_tree_fence": {
    "criteria": {
      "has_stick": "2024-07-30 00:18:10 +0000"
    },
    "done": true
  },
  "betterend:recipes/decorations/helix_tree_bar_stool": {
    "criteria": {
      "has_stick": "2024-07-30 00:18:09 +0000"
    },
    "done": true
  },
  "betternether:recipes/redstone/mushroom_fir_gate": {
    "criteria": {
      "has_stick": "2024-07-30 00:18:09 +0000"
    },
    "done": true
  },
  "create:recipes/building_blocks/spruce_window": {
    "criteria": {
      "has_ingredient": "2024-07-30 00:17:47 +0000"
    },
    "done": true
  },
  "betterend:recipes/decorations/jellyshroom_sign": {
    "criteria": {
      "has_stick": "2024-07-30 00:18:09 +0000"
    },
    "done": true
  },
  "betternether:recipes/decorations/oak_bar_stool": {
    "criteria": {
      "has_stick": "2024-07-30 00:18:09 +0000"
    },
    "done": true
  },
  "betterend:recipes/redstone/tenanea_gate": {
    "criteria": {
      "has_stick": "2024-07-30 00:18:10 +0000"
    },
    "done": true
  },
  "betterend:recipes/decorations/dragon_tree_taburet": {
    "criteria": {
      "has_stick": "2024-07-30 00:18:09 +0000"
    },
    "done": true
  },
  "smallships:recipes/transportation/spruce_galley": {
    "criteria": {
      "in_water": "2024-07-30 00:18:46 +0000"
    },
    "done": true
  },
  "betternether:recipes/decorations/birch_taburet": {
    "criteria": {
      "has_stick": "2024-07-30 00:18:09 +0000"
    },
    "done": true
  },
  "ecologics:recipes/ecologics/walnut_boat": {
    "criteria": {
      "in_water": "2024-07-30 00:18:46 +0000"
    },
    "done": true
  },
  "betterend:recipes/decorations/jellyshroom_fence": {
    "criteria": {
      "has_stick": "2024-07-30 00:18:09 +0000"
    },
    "done": true
  },
  "smallships:recipes/transportation/birch_cog": {
    "criteria": {
      "in_water": "2024-07-30 00:18:46 +0000"
    },
    "done": true
  },
  "minecraft:recipes/redstone/spruce_button": {
    "criteria": {
      "has_planks": "2024-07-30 00:17:47 +0000"
    },
    "done": true
  },
  "mcda:recipes/crafting_items/fabric_bolt_blue": {
    "criteria": {
      "has_stick": "2024-07-30 00:18:09 +0000"
    },
    "done": true
  },
  "betternether:recipes/redstone/stalagnate_gate": {
    "criteria": {
      "has_stick": "2024-07-30 00:18:10 +0000"
    },
    "done": true
  },
  "betternether:recipes/decorations/nether_reed_sign": {
    "criteria": {
      "has_stick": "2024-07-30 00:18:10 +0000"
    },
    "done": true
  },
  "betterend:recipes/decorations/lucernia_sign": {
    "criteria": {
      "has_stick": "2024-07-30 00:18:09 +0000"
    },
    "done": true
  },
  "mcda:recipes/crafting_items/fabric_bolt_lime": {
    "criteria": {
      "has_stick": "2024-07-30 00:18:09 +0000"
    },
    "done": true
  },
  "smallships:recipes/transportation/mangrove_drakkar": {
    "criteria": {
      "in_water": "2024-07-30 00:18:46 +0000"
    },
    "done": true
  },
  "betterend:recipes/decorations/helix_tree_fence": {
    "criteria": {
      "has_stick": "2024-07-30 00:18:10 +0000"
    },
    "done": true
  },
  "betternether:recipes/decorations/nether_reed_ladder": {
    "criteria": {
      "has_stick": "2024-07-30 00:18:09 +0000"
    },
    "done": true
  },
  "betterend:recipes/redstone/pythadendron_gate": {
    "criteria": {
      "has_stick": "2024-07-30 00:18:10 +0000"
    },
    "done": true
  },
  "betterend:recipes/misc/copy_tool_assembly": {
    "criteria": {
      "has_stick": "2024-07-30 00:18:09 +0000"
    },
    "done": true
  },
  "minecraft:recipes/redstone/spruce_pressure_plate": {
    "criteria": {
      "has_planks": "2024-07-30 00:17:47 +0000"
    },
    "done": true
  },
  "betternether:recipes/decorations/nether_reed_bar_stool": {
    "criteria": {
      "has_stick": "2024-07-30 00:18:09 +0000"
    },
    "done": true
  },
  "smallships:recipes/misc/sail": {
    "criteria": {
      "in_water": "2024-07-30 00:18:46 +0000"
    },
    "done": true
  },
  "betterend:recipes/decorations/helix_tree_ladder": {
    "criteria": {
      "has_stick": "2024-07-30 00:18:10 +0000"
    },
    "done": true
  },
  "betterend:recipes/decorations/lacugrove_sign": {
    "criteria": {
      "has_stick": "2024-07-30 00:18:09 +0000"
    },
    "done": true
  },
  "betterend:recipes/decorations/umbrella_tree_ladder": {
    "criteria": {
      "has_stick": "2024-07-30 00:18:09 +0000"
    },
    "done": true
  },
  "betternether:recipes/decorations/acacia_taburet": {
    "criteria": {
      "has_stick": "2024-07-30 00:18:09 +0000"
    },
    "done": true
  },
  "minecraft:recipes/decorations/campfire": {
    "criteria": {
      "has_stick": "2024-07-30 00:18:10 +0000"
    },
    "done": true
  },
  "minecraft:recipes/tools/wooden_hoe": {
    "criteria": {
      "has_stick": "2024-07-30 00:18:09 +0000"
    },
    "done": true
  },
  "betterend:recipes/decorations/pythadendron_chair": {
    "criteria": {
      "has_stick": "2024-07-30 00:18:10 +0000"
    },
    "done": true
  },
  "betterend:recipes/decorations/pythadendron_ladder": {
    "criteria": {
      "has_stick": "2024-07-30 00:18:09 +0000"
    },
    "done": true
  },
  "betternether:recipes/decorations/mushroom_fir_fence": {
    "criteria": {
      "has_stick": "2024-07-30 00:18:09 +0000"
    },
    "done": true
  },
  "betterend:recipes/decorations/umbrella_tree_chair": {
    "criteria": {
      "has_stick": "2024-07-30 00:18:09 +0000"
    },
    "done": true
  },
  "minecraft:recipes/misc/charcoal": {
    "criteria": {
      "has_log": "2024-07-30 00:17:41 +0000"
    },
    "done": true
  },
  "betternether:recipes/decorations/oak_chair": {
    "criteria": {
      "has_stick": "2024-07-30 00:18:10 +0000"
    },
    "done": true
  },
  "betternether:recipes/decorations/willow_ladder": {
    "criteria": {
      "has_stick": "2024-07-30 00:18:09 +0000"
    },
    "done": true
  },
  "betternether:recipes/decorations/jungle_chair": {
    "criteria": {
      "has_stick": "2024-07-30 00:18:09 +0000"
    },
    "done": true
  },
  "betternether:recipes/decorations/nether_sakura_fence": {
    "criteria": {
      "has_stick": "2024-07-30 00:18:10 +0000"
    },
    "done": true
  },
  "betterend:recipes/misc/golden_hammer": {
    "criteria": {
      "has_stick": "2024-07-30 00:18:09 +0000"
    },
    "done": true
  },
  "betterend:recipes/decorations/end_lotus_taburet": {
    "criteria": {
      "has_stick": "2024-07-30 00:18:09 +0000"
    },
    "done": true
  },
  "betternether:recipes/redstone/anchor_tree_gate": {
    "criteria": {
      "has_stick": "2024-07-30 00:18:09 +0000"
    },
    "done": true
  },
  "betterend:recipes/decorations/dragon_tree_ladder": {
    "criteria": {
      "has_stick": "2024-07-30 00:18:09 +0000"
    },
    "done": true
  },
  "betternether:recipes/decorations/mushroom_fir_ladder": {
    "criteria": {
      "has_stick": "2024-07-30 00:18:10 +0000"
    },
    "done": true
  },
  "betternether:recipes/decorations/nether_sakura_ladder": {
    "criteria": {
      "has_stick": "2024-07-30 00:18:09 +0000"
    },
    "done": true
  },
  "minecraft:recipes/tools/wooden_shovel": {
    "criteria": {
      "has_stick": "2024-07-30 00:18:09 +0000"
    },
    "done": true
  },
  "smallships:recipes/transportation/acacia_galley": {
    "criteria": {
      "in_water": "2024-07-30 00:18:46 +0000"
    },
    "done": true
  },
  "betternether:recipes/decorations/nether_sakura_bar_stool": {
    "criteria": {
      "has_stick": "2024-07-30 00:18:09 +0000"
    },
    "done": true
  },
  "betterend:recipes/decorations/umbrella_tree_sign": {
    "criteria": {
      "has_stick": "2024-07-30 00:18:10 +0000"
    },
    "done": true
  },
  "betterend:recipes/decorations/dragon_tree_bar_stool": {
    "criteria": {
      "has_stick": "2024-07-30 00:18:09 +0000"
    },
    "done": true
  },
  "betternether:recipes/decorations/bamboo_bar_stool": {
    "criteria": {
      "has_stick": "2024-07-30 00:18:09 +0000"
    },
    "done": true
  },
  "minecraft:recipes/transportation/acacia_boat": {
    "criteria": {
      "in_water": "2024-07-30 00:18:46 +0000"
    },
    "done": true
  },
  "minecraft:adventure/root": {
    "criteria": {
      "killed_something": "2024-07-30 00:19:15 +0000"
    },
    "done": true
  },
  "betternether:recipes/decorations/dark_oak_taburet": {
    "criteria": {
      "has_stick": "2024-07-30 00:18:09 +0000"
    },
    "done": true
  },
  "betternether:recipes/decorations/mushroom_fir_taburet": {
    "criteria": {
      "has_stick": "2024-07-30 00:18:10 +0000"
    },
    "done": true
  },
  "betterend:recipes/decorations/end_lotus_sign": {
    "criteria": {
      "has_stick": "2024-07-30 00:18:09 +0000"
    },
    "done": true
  },
  "minecraft:recipes/combat/wooden_sword": {
    "criteria": {
      "has_stick": "2024-07-30 00:18:09 +0000"
    },
    "done": true
  },
  "minecraft:recipes/decorations/barrel": {
    "criteria": {
      "has_planks": "2024-07-30 00:17:47 +0000"
    },
    "done": true
  },
  "betternether:recipes/redstone/nether_sakura_gate": {
    "criteria": {
      "has_stick": "2024-07-30 00:18:09 +0000"
    },
    "done": true
  },
  "betternether:recipes/redstone/nether_reed_gate": {
    "criteria": {
      "has_stick": "2024-07-30 00:18:09 +0000"
    },
    "done": true
  },
  "betterend:recipes/decorations/lucernia_ladder": {
    "criteria": {
      "has_stick": "2024-07-30 00:18:10 +0000"
    },
    "done": true
  },
  "betterend:recipes/decorations/helix_tree_taburet": {
    "criteria": {
      "has_stick": "2024-07-30 00:18:09 +0000"
    },
    "done": true
  },
  "betternether:recipes/decorations/mushroom_fir_sign": {
    "criteria": {
      "has_stick": "2024-07-30 00:18:10 +0000"
    },
    "done": true
  },
  "mcda:recipes/crafting_items/fabric_bolt_gray": {
    "criteria": {
      "has_stick": "2024-07-30 00:18:10 +0000"
    },
    "done": true
  },
  "smallships:recipes/transportation/jungle_galley": {
    "criteria": {
      "in_water": "2024-07-30 00:18:46 +0000"
    },
    "done": true
  },
  "betterend:recipes/decorations/pythadendron_taburet": {
    "criteria": {
      "has_stick": "2024-07-30 00:18:09 +0000"
    },
    "done": true
  },
  "smallships:recipes/transportation/dark_oak_galley": {
    "criteria": {
      "in_water": "2024-07-30 00:18:46 +0000"
    },
    "done": true
  },
  "smallships:recipes/transportation/bamboo_brigg": {
    "criteria": {
      "in_water": "2024-07-30 00:18:46 +0000"
    },
    "done": true
  },
  "mcda:recipes/crafting_items/fabric_bolt_red": {
    "criteria": {
      "has_stick": "2024-07-30 00:18:10 +0000"
    },
    "done": true
  },
  "betternether:recipes/decorations/nether_mushroom_taburet": {
    "criteria": {
      "has_stick": "2024-07-30 00:18:09 +0000"
    },
    "done": true
  },
  "betterend:recipes/decorations/tenanea_chair": {
    "criteria": {
      "has_stick": "2024-07-30 00:18:09 +0000"
    },
    "done": true
  },
  "betterend:recipes/decorations/tenanea_sign": {
    "criteria": {
      "has_stick": "2024-07-30 00:18:10 +0000"
    },
    "done": true
  },
  "betternether:recipes/decorations/cherry_bar_stool": {
    "criteria": {
      "has_stick": "2024-07-30 00:18:09 +0000"
    },
    "done": true
  },
  "smallships:recipes/transportation/spruce_drakkar": {
    "criteria": {
      "in_water": "2024-07-30 00:18:46 +0000"
    },
    "done": true
  },
  "bclib:recipes/redstone/tag_piston": {
    "criteria": {
      "has_tag_minecraft_planks": "2024-07-30 00:17:47 +0000"
    },
    "done": true
  },
  "betterend:recipes/redstone/mossy_glowshroom_gate": {
    "criteria": {
      "has_stick": "2024-07-30 00:18:09 +0000"
    },
    "done": true
  },
  "minecraft:recipes/transportation/jungle_boat": {
    "criteria": {
      "in_water": "2024-07-30 00:18:46 +0000"
    },
    "done": true
  },
  "farmersdelight:recipes/cooking/dog_food": {
    "criteria": {
      "has_any_ingredient": "2024-07-30 00:19:16 +0000"
    },
    "done": true
  },
  "mcda:recipes/crafting_items/fabric_bolt_purple": {
    "criteria": {
      "has_stick": "2024-07-30 00:18:09 +0000"
    },
    "done": true
  },
  "betternether:recipes/decorations/dark_oak_bar_stool": {
    "criteria": {
      "has_stick": "2024-07-30 00:18:09 +0000"
    },
    "done": true
  },
  "betterend:recipes/decorations/helix_tree_chair": {
    "criteria": {
      "has_stick": "2024-07-30 00:18:09 +0000"
    },
    "done": true
  },
  "smallships:recipes/transportation/oak_brigg": {
    "criteria": {
      "in_water": "2024-07-30 00:18:46 +0000"
    },
    "done": true
  },
  "betterend:recipes/decorations/end_lotus_chair": {
    "criteria": {
      "has_stick": "2024-07-30 00:18:09 +0000"
    },
    "done": true
  },
  "smallships:recipes/transportation/bamboo_cog": {
    "criteria": {
      "in_water": "2024-07-30 00:18:46 +0000"
    },
    "done": true
  },
  "mcda:recipes/crafting_items/fabric_bolt_orange": {
    "criteria": {
      "has_stick": "2024-07-30 00:18:09 +0000"
    },
    "done": true
  },
  "betterend:recipes/decorations/mossy_glowshroom_bar_stool": {
    "criteria": {
      "has_stick": "2024-07-30 00:18:10 +0000"
    },
    "done": true
  },
  "betternether:recipes/decorations/mushroom_fir_chair": {
    "criteria": {
      "has_stick": "2024-07-30 00:18:09 +0000"
    },
    "done": true
  },
  "betterend:recipes/misc/leather_wrapped_stick": {
    "criteria": {
      "has_stick": "2024-07-30 00:18:10 +0000"
    },
    "done": true
  },
  "betternether:recipes/decorations/mangrove_chair": {
    "criteria": {
      "has_stick": "2024-07-30 00:18:09 +0000"
    },
    "done": true
  },
  "betterend:recipes/decorations/dragon_tree_fence": {
    "criteria": {
      "has_stick": "2024-07-30 00:18:09 +0000"
    },
    "done": true
  },
  "betternether:recipes/decorations/warped_taburet": {
    "criteria": {
      "has_stick": "2024-07-30 00:18:10 +0000"
    },
    "done": true
  },
  "betternether:recipes/decorations/stalagnate_ladder": {
    "criteria": {
      "has_stick": "2024-07-30 00:18:09 +0000"
    },
    "done": true
  },
  "betterend:recipes/decorations/mossy_glowshroom_sign": {
    "criteria": {
      "has_stick": "2024-07-30 00:18:10 +0000"
    },
    "done": true
  },
  "mcdw:recipes/shields/shield_vanguard": {
    "criteria": {
      "has_planks": "2024-07-30 00:17:47 +0000"
    },
    "done": true
  },
  "farmersdelight:recipes/combat/flint_knife": {
    "criteria": {
      "has_stick": "2024-07-30 00:18:09 +0000"
    },
    "done": true
  },
  "betterend:recipes/misc/copy_terminite_upgrade": {
    "criteria": {
      "has_stick": "2024-07-30 00:18:09 +0000"
    },
    "done": true
  },
  "betternether:recipes/decorations/nether_sakura_chair": {
    "criteria": {
      "has_stick": "2024-07-30 00:18:10 +0000"
    },
    "done": true
  },
  "betternether:recipes/redstone/nether_mushroom_gate": {
    "criteria": {
      "has_stick": "2024-07-30 00:18:09 +0000"
    },
    "done": true
  },
  "betterend:recipes/decorations/tenanea_bar_stool": {
    "criteria": {
      "has_stick": "2024-07-30 00:18:09 +0000"
    },
    "done": true
  },
  "minecraft:recipes/decorations/spruce_sign": {
    "criteria": {
      "has_planks": "2024-07-30 00:17:47 +0000"
    },
    "done": true
  },
  "betternether:recipes/decorations/dark_oak_chair": {
    "criteria": {
      "has_stick": "2024-07-30 00:18:09 +0000"
    },
    "done": true
  },
  "mcda:recipes/crafting_items/glut_charm": {
    "criteria": {
      "has_rotten_flesh": "2024-07-30 00:19:16 +0000"
    },
    "done": true
  },
  "bclib:recipes/decorations/tag_smith_table": {
    "criteria": {
      "has_tag_minecraft_planks": "2024-07-30 00:17:47 +0000"
    },
    "done": true
  },
  "mcda:recipes/upgrade_cores/upgrade_core_verdant": {
    "criteria": {
      "has_core_specification_item": "2024-07-30 00:18:23 +0000"
    },
    "done": true
  },
  "betternether:recipes/decorations/anchor_tree_chair": {
    "criteria": {
      "has_stick": "2024-07-30 00:18:10 +0000"
    },
    "done": true
  },
  "medievalweapons:medieval_wooden_recipes": {
    "criteria": {
      "medieval_wooden_recipes": "2024-07-30 00:18:09 +0000"
    },
    "done": true
  },
  "betternether:recipes/decorations/warped_bar_stool": {
    "criteria": {
      "has_stick": "2024-07-30 00:18:09 +0000"
    },
    "done": true
  },
  "mcda:recipes/crafting_items/fabric_bolt_magenta": {
    "criteria": {
      "has_stick": "2024-07-30 00:18:09 +0000"
    },
    "done": true
  },
  "betternether:recipes/decorations/anchor_tree_taburet": {
    "criteria": {
      "has_stick": "2024-07-30 00:18:09 +0000"
    },
    "done": true
  },
  "betternether:recipes/decorations/warped_ladder": {
    "criteria": {
      "has_stick": "2024-07-30 00:18:09 +0000"
    },
    "done": true
  },
  "betterend:recipes/decorations/tenanea_fence": {
    "criteria": {
      "has_stick": "2024-07-30 00:18:09 +0000"
    },
    "done": true
  },
  "mcda:recipes/crafting_items/fabric_bolt_green": {
    "criteria": {
      "has_stick": "2024-07-30 00:18:09 +0000"
    },
    "done": true
  },
  "betternether:recipes/decorations/stalagnate_taburet": {
    "criteria": {
      "has_stick": "2024-07-30 00:18:09 +0000"
    },
    "done": true
  },
  "betterend:recipes/decorations/lucernia_bar_stool": {
    "criteria": {
      "has_stick": "2024-07-30 00:18:10 +0000"
    },
    "done": true
  },
  "betternether:recipes/decorations/acacia_chair": {
    "criteria": {
      "has_stick": "2024-07-30 00:18:09 +0000"
    },
    "done": true
  },
  "smallships:recipes/transportation/oak_cog": {
    "criteria": {
      "in_water": "2024-07-30 00:18:46 +0000"
    },
    "done": true
  },
  "minecraft:recipes/building_blocks/spruce_wood": {
    "criteria": {
      "has_log": "2024-07-30 00:17:41 +0000"
    },
    "done": true
  },
  "betterend:recipes/redstone/helix_tree_gate": {
    "criteria": {
      "has_stick": "2024-07-30 00:18:09 +0000"
    },
    "done": true
  },
  "betternether:recipes/decorations/spruce_taburet": {
    "criteria": {
      "has_stick": "2024-07-30 00:18:09 +0000"
    },
    "done": true
  },
  "betterend:recipes/decorations/pythadendron_sign": {
    "criteria": {
      "has_stick": "2024-07-30 00:18:09 +0000"
    },
    "done": true
  },
  "mcda:recipes/crafting_items/fabric_bolt_black": {
    "criteria": {
      "has_stick": "2024-07-30 00:18:09 +0000"
    },
    "done": true
  },
  "bclib:recipes/transportation/tag_rail": {
    "criteria": {
      "has_stick": "2024-07-30 00:18:10 +0000"
    },
    "done": true
  },
  "betternether:recipes/decorations/wart_taburet": {
    "criteria": {
      "has_stick": "2024-07-30 00:18:09 +0000"
    },
    "done": true
  },
  "smallships:recipes/transportation/oak_galley": {
    "criteria": {
      "in_water": "2024-07-30 00:18:46 +0000"
    },
    "done": true
  },
  "betterend:recipes/decorations/mossy_glowshroom_chair": {
    "criteria": {
      "has_stick": "2024-07-30 00:18:09 +0000"
    },
    "done": true
  },
  "betternether:recipes/decorations/bar_stool_cincinnasite": {
    "criteria": {
      "has_stick": "2024-07-30 00:18:09 +0000"
    },
    "done": true
  },
  "betternether:recipes/decorations/rubeus_ladder": {
    "criteria": {
      "has_stick": "2024-07-30 00:18:09 +0000"
    },
    "done": true
  },
  "minecraft:recipes/transportation/spruce_boat": {
    "criteria": {
      "in_water": "2024-07-30 00:18:46 +0000"
    },
    "done": true
  },
  "smallships:recipes/transportation/acacia_brigg": {
    "criteria": {
      "in_water": "2024-07-30 00:18:46 +0000"
    },
    "done": true
  },
  "betterend:recipes/misc/copy_handle_attachment": {
    "criteria": {
      "has_stick": "2024-07-30 00:18:10 +0000"
    },
    "done": true
  },
  "betternether:recipes/decorations/willow_sign": {
    "criteria": {
      "has_stick": "2024-07-30 00:18:10 +0000"
    },
    "done": true
  },
  "bclib:recipes/combat/tag_shield": {
    "criteria": {
      "has_tag_minecraft_planks": "2024-07-30 00:17:47 +0000"
    },
    "done": true
  },
  "minecraft:husbandry/root": {
    "criteria": {
      "consumed_item": "2024-07-30 00:19:19 +0000"
    },
    "done": true
  },
  "minecraft:recipes/transportation/birch_boat": {
    "criteria": {
      "in_water": "2024-07-30 00:18:46 +0000"
    },
    "done": true
  },
  "betterend:recipes/decorations/end_lotus_bar_stool": {
    "criteria": {
      "has_stick": "2024-07-30 00:18:09 +0000"
    },
    "done": true
  },
  "minecraft:recipes/transportation/oak_boat": {
    "criteria": {
      "in_water": "2024-07-30 00:18:46 +0000"
    },
    "done": true
  },
  "betterend:recipes/misc/iron_hammer": {
    "criteria": {
      "has_stick": "2024-07-30 00:18:09 +0000"
    },
    "done": true
  },
  "minecraft:recipes/building_blocks/spruce_slab": {
    "criteria": {
      "has_planks": "2024-07-30 00:17:47 +0000"
    },
    "done": true
  },
  "betterend:recipes/redstone/end_lotus_gate": {
    "criteria": {
      "has_stick": "2024-07-30 00:18:09 +0000"
    },
    "done": true
  },
  "mcda:recipes/crafting_items/fabric_bolt_cyan": {
    "criteria": {
      "has_stick": "2024-07-30 00:18:10 +0000"
    },
    "done": true
  },
  "betterend:recipes/redstone/lacugrove_gate": {
    "criteria": {
      "has_stick": "2024-07-30 00:18:09 +0000"
    },
    "done": true
  },
  "betternether:recipes/decorations/mangrove_bar_stool": {
    "criteria": {
      "has_stick": "2024-07-30 00:18:09 +0000"
    },
    "done": true
  },
  "betterend:recipes/decorations/pythadendron_bar_stool": {
    "criteria": {
      "has_stick": "2024-07-30 00:18:10 +0000"
    },
    "done": true
  },
  "betternether:recipes/decorations/rubeus_sign": {
    "criteria": {
      "has_stick": "2024-07-30 00:18:09 +0000"
    },
    "done": true
  },
  "smallships:recipes/transportation/mangrove_galley": {
    "criteria": {
      "in_water": "2024-07-30 00:18:46 +0000"
    },
    "done": true
  },
  "smallships:recipes/transportation/dark_oak_cog": {
    "criteria": {
      "in_water": "2024-07-30 00:18:46 +0000"
    },
    "done": true
  },
  "betternether:recipes/combat/shield": {
    "criteria": {
      "has_tag_minecraft_planks": "2024-07-30 00:17:47 +0000"
    },
    "done": true
  },
  "smallships:recipes/transportation/birch_drakkar": {
    "criteria": {
      "in_water": "2024-07-30 00:18:46 +0000"
    },
    "done": true
  },
  "betterend:recipes/misc/terminite_sword_handle": {
    "criteria": {
      "has_item.minecraft.stick": "2024-07-30 00:18:09 +0000"
    },
    "done": true
  },
  "minecraft:recipes/transportation/mangrove_boat": {
    "criteria": {
      "in_water": "2024-07-30 00:18:46 +0000"
    },
    "done": true
  },
  "minecraft:recipes/building_blocks/spruce_planks": {
    "criteria": {
      "has_logs": "2024-07-30 00:17:41 +0000"
    },
    "done": true
  },
  "betterend:recipes/misc/thallasium_sword_handle": {
    "criteria": {
      "has_item.minecraft.stick": "2024-07-30 00:18:09 +0000"
    },
    "done": true
  },
  "betternether:recipes/decorations/acacia_bar_stool": {
    "criteria": {
      "has_stick": "2024-07-30 00:18:10 +0000"
    },
    "done": true
  },
  "mcda:recipes/crafting_items/fabric_bolt_white": {
    "criteria": {
      "has_stick": "2024-07-30 00:18:09 +0000"
    },
    "done": true
  },
  "betterend:recipes/decorations/jellyshroom_ladder": {
    "criteria": {
      "has_stick": "2024-07-30 00:18:10 +0000"
    },
    "done": true
  },
  "betterend:recipes/misc/copy_thallasium_upgrade": {
    "criteria": {
      "has_stick": "2024-07-30 00:18:09 +0000"
    },
    "done": true
  },
  "smallships:recipes/transportation/cherry_drakkar": {
    "criteria": {
      "in_water": "2024-07-30 00:18:46 +0000"
    },
    "done": true
  },
  "betternether:recipes/decorations/willow_bar_stool": {
    "criteria": {
      "has_stick": "2024-07-30 00:18:09 +0000"
    },
    "done": true
  },
  "betternether:recipes/decorations/rubeus_fence": {
    "criteria": {
      "has_stick": "2024-07-30 00:18:09 +0000"
    },
    "done": true
  },
  "mcda:recipes/crafting_items/fabric_bolt_pink": {
    "criteria": {
      "has_stick": "2024-07-30 00:18:09 +0000"
    },
    "done": true
  },
  "betternether:recipes/decorations/nether_reed_chair": {
    "criteria": {
      "has_stick": "2024-07-30 00:18:09 +0000"
    },
    "done": true
  },
  "smallships:recipes/transportation/dark_oak_drakkar": {
    "criteria": {
      "in_water": "2024-07-30 00:18:46 +0000"
    },
    "done": true
  },
  "betterend:recipes/decorations/end_lotus_fence": {
    "criteria": {
      "has_stick": "2024-07-30 00:18:09 +0000"
    },
    "done": true
  },
  "betternether:recipes/redstone/wart_gate": {
    "criteria": {
      "has_stick": "2024-07-30 00:18:09 +0000"
    },
    "done": true
  },
  "smallships:recipes/transportation/jungle_drakkar": {
    "criteria": {
      "in_water": "2024-07-30 00:18:46 +0000"
    },
    "done": true
  },
  "betternether:recipes/decorations/nether_sakura_taburet": {
    "criteria": {
      "has_stick": "2024-07-30 00:18:09 +0000"
    },
    "done": true
  },
  "betterend:recipes/redstone/jellyshroom_gate": {
    "criteria": {
      "has_stick": "2024-07-30 00:18:09 +0000"
    },
    "done": true
  },
  "smallships:recipes/transportation/birch_brigg": {
    "criteria": {
      "in_water": "2024-07-30 00:18:46 +0000"
    },
    "done": true
  },
  "minecraft:recipes/tools/wooden_pickaxe": {
    "criteria": {
      "has_stick": "2024-07-30 00:18:09 +0000"
    },
    "done": true
  },
  "betternether:recipes/decorations/jungle_taburet": {
    "criteria": {
      "has_stick": "2024-07-30 00:18:10 +0000"
    },
    "done": true
  },
  "smallships:recipes/transportation/acacia_drakkar": {
    "criteria": {
      "in_water": "2024-07-30 00:18:46 +0000"
    },
    "done": true
  },
  "betternether:recipes/decorations/stalagnate_sign": {
    "criteria": {
      "has_stick": "2024-07-30 00:18:10 +0000"
    },
    "done": true
  },
  "betternether:recipes/decorations/anchor_tree_fence": {
    "criteria": {
      "has_stick": "2024-07-30 00:18:10 +0000"
    },
    "done": true
  },
  "betterend:recipes/decorations/jellyshroom_taburet": {
    "criteria": {
      "has_stick": "2024-07-30 00:18:09 +0000"
    },
    "done": true
  },
  "ecologics:recipes/ecologics/coconut_boat": {
    "criteria": {
      "in_water": "2024-07-30 00:18:46 +0000"
    },
    "done": true
  },
  "betternether:recipes/decorations/nether_mushroom_fence": {
    "criteria": {
      "has_stick": "2024-07-30 00:18:10 +0000"
    },
    "done": true
  },
  "betternether:recipes/decorations/nether_sakura_sign": {
    "criteria": {
      "has_stick": "2024-07-30 00:18:09 +0000"
    },
    "done": true
  },
  "betternether:recipes/decorations/rubeus_bar_stool": {
    "criteria": {
      "has_stick": "2024-07-30 00:18:10 +0000"
    },
    "done": true
  },
  "betternether:recipes/decorations/wart_chair": {
    "criteria": {
      "has_stick": "2024-07-30 00:18:09 +0000"
    },
    "done": true
  },
  "betterend:recipes/decorations/jellyshroom_bar_stool": {
    "criteria": {
      "has_stick": "2024-07-30 00:18:09 +0000"
    },
    "done": true
  },
  "smallships:recipes/transportation/cherry_galley": {
    "criteria": {
      "in_water": "2024-07-30 00:18:46 +0000"
    },
    "done": true
  },
  "betterend:recipes/redstone/lucernia_gate": {
    "criteria": {
      "has_stick": "2024-07-30 00:18:09 +0000"
    },
    "done": true
  },
  "minecraft:recipes/redstone/spruce_trapdoor": {
    "criteria": {
      "has_planks": "2024-07-30 00:17:47 +0000"
    },
    "done": true
  },
  "betterend:recipes/decorations/lucernia_taburet": {
    "criteria": {
      "has_stick": "2024-07-30 00:18:09 +0000"
    },
    "done": true
  },
  "betterend:recipes/misc/diamond_hammer": {
    "criteria": {
      "has_stick": "2024-07-30 00:18:09 +0000"
    },
    "done": true
  },
  "minecraft:recipes/redstone/spruce_door": {
    "criteria": {
      "has_planks": "2024-07-30 00:17:47 +0000"
    },
    "done": true
  },
  "minecraft:recipes/redstone/spruce_fence_gate": {
    "criteria": {
      "has_planks": "2024-07-30 00:17:47 +0000"
    },
    "done": true
  },
  "betternether:recipes/decorations/nether_mushroom_ladder": {
    "criteria": {
      "has_stick": "2024-07-30 00:18:09 +0000"
    },
    "done": true
  },
  "ecologics:recipes/ecologics/flowering_azalea_boat": {
    "criteria": {
      "in_water": "2024-07-30 00:18:46 +0000"
    },
    "done": true
  },
  "betterend:recipes/decorations/lacugrove_fence": {
    "criteria": {
      "has_stick": "2024-07-30 00:18:09 +0000"
    },
    "done": true
  },
  "betternether:recipes/decorations/nether_reed_taburet": {
    "criteria": {
      "has_stick": "2024-07-30 00:18:09 +0000"
    },
    "done": true
  },
  "betternether:recipes/decorations/stalagnate_fence": {
    "criteria": {
      "has_stick": "2024-07-30 00:18:10 +0000"
    },
    "done": true
  },
  "betternether:recipes/decorations/nether_mushroom_chair": {
    "criteria": {
      "has_stick": "2024-07-30 00:18:10 +0000"
    },
    "done": true
  },
  "mcdw:recipes/crossbows/crossbow_harpoon_crossbow": {
    "criteria": {
      "has_planks": "2024-07-30 00:17:47 +0000"
    },
    "done": true
  },
  "betterend:recipes/redstone/dragon_tree_gate": {
    "criteria": {
      "has_stick": "2024-07-30 00:18:09 +0000"
    },
    "done": true
  },
  "betternether:recipes/decorations/nether_mushroom_sign": {
    "criteria": {
      "has_stick": "2024-07-30 00:18:10 +0000"
    },
    "done": true
  },
  "smallships:recipes/transportation/cherry_brigg": {
    "criteria": {
      "in_water": "2024-07-30 00:18:46 +0000"
    },
    "done": true
  },
  "smallships:recipes/transportation/spruce_brigg": {
    "criteria": {
      "in_water": "2024-07-30 00:18:46 +0000"
    },
    "done": true
  },
  "betternether:recipes/decorations/spruce_chair": {
    "criteria": {
      "has_stick": "2024-07-30 00:18:09 +0000"
    },
    "done": true
  },
  "farmersdelight:recipes/building_blocks/organic_compost_from_rotten_flesh": {
    "criteria": {
      "has_rotten_flesh": "2024-07-30 00:19:16 +0000"
    },
    "done": true
  },
  "betterend:recipes/decorations/umbrella_tree_bar_stool": {
    "criteria": {
      "has_stick": "2024-07-30 00:18:09 +0000"
    },
    "done": true
  },
  "minecraft:adventure/kill_a_mob": {
    "criteria": {
      "minecraft:zombie": "2024-07-30 00:19:15 +0000"
    },
    "done": true
  },
  "betternether:recipes/decorations/mangrove_taburet": {
    "criteria": {
      "has_stick": "2024-07-30 00:18:09 +0000"
    },
    "done": true
  },
  "betternether:recipes/decorations/anchor_tree_ladder": {
    "criteria": {
      "has_stick": "2024-07-30 00:18:10 +0000"
    },
    "done": true
  },
  "farmersdelight:recipes/decorations/cutting_board": {
    "criteria": {
      "has_stick": "2024-07-30 00:18:09 +0000"
    },
    "done": true
  },
  "minecraft:husbandry/balanced_diet": {
    "criteria": {
      "bread": "2024-07-30 00:19:19 +0000"
    },
    "done": false
  },
  "betternether:recipes/transportation/activator_rail": {
    "criteria": {
      "has_stick": "2024-07-30 00:18:09 +0000"
    },
    "done": true
  },
  "betterend:recipes/decorations/umbrella_tree_taburet": {
    "criteria": {
      "has_stick": "2024-07-30 00:18:10 +0000"
    },
    "done": true
  },
  "betternether:recipes/decorations/cherry_chair": {
    "criteria": {
      "has_stick": "2024-07-30 00:18:09 +0000"
    },
    "done": true
  },
  "betternether:recipes/redstone/willow_gate": {
    "criteria": {
      "has_stick": "2024-07-30 00:18:10 +0000"
    },
    "done": true
  },
  "minecraft:recipes/building_blocks/spruce_stairs": {
    "criteria": {
      "has_planks": "2024-07-30 00:17:47 +0000"
    },
    "done": true
  },
  "betterend:recipes/decorations/tenanea_ladder": {
    "criteria": {
      "has_stick": "2024-07-30 00:18:09 +0000"
    },
    "done": true
  },
  "mcda:recipes/crafting_items/fabric_bolt_light_gray": {
    "criteria": {
      "has_stick": "2024-07-30 00:18:10 +0000"
    },
    "done": true
  },
  "smallships:recipes/transportation/bamboo_drakkar": {
    "criteria": {
      "in_water": "2024-07-30 00:18:46 +0000"
    },
    "done": true
  },
  "smallships:recipes/transportation/mangrove_cog": {
    "criteria": {
      "in_water": "2024-07-30 00:18:46 +0000"
    },
    "done": true
  },
  "betterend:recipes/decorations/mossy_glowshroom_taburet": {
    "criteria": {
      "has_stick": "2024-07-30 00:18:10 +0000"
    },
    "done": true
  },
  "minecraft:story/root": {
    "criteria": {
      "crafting_table": "2024-07-30 00:17:57 +0000"
    },
    "done": true
  },
  "betterend:recipes/decorations/mossy_glowshroom_fence": {
    "criteria": {
      "has_stick": "2024-07-30 00:18:09 +0000"
    },
    "done": true
  },
  "smallships:recipes/transportation/cherry_cog": {
    "criteria": {
      "in_water": "2024-07-30 00:18:46 +0000"
    },
    "done": true
  },
  "betterend:recipes/decorations/mossy_glowshroom_ladder": {
    "criteria": {
      "has_stick": "2024-07-30 00:18:10 +0000"
    },
    "done": true
  },
  "betternether:recipes/decorations/willow_chair": {
    "criteria": {
      "has_stick": "2024-07-30 00:18:10 +0000"
    },
    "done": true
  },
  "betterend:recipes/decorations/dragon_tree_sign": {
    "criteria": {
      "has_stick": "2024-07-30 00:18:09 +0000"
    },
    "done": true
  },
  "betternether:recipes/decorations/spruce_bar_stool": {
    "criteria": {
      "has_stick": "2024-07-30 00:18:09 +0000"
    },
    "done": true
  },
  "betternether:recipes/decorations/taburet_cincinnasite": {
    "criteria": {
      "has_stick": "2024-07-30 00:18:09 +0000"
    },
    "done": true
  },
  "minecraft:recipes/transportation/dark_oak_boat": {
    "criteria": {
      "in_water": "2024-07-30 00:18:46 +0000"
    },
    "done": true
  },
  "betternether:recipes/decorations/stalagnate_bar_stool": {
    "criteria": {
      "has_stick": "2024-07-30 00:18:09 +0000"
    },
    "done": true
  },
  "betternether:recipes/decorations/crimson_ladder": {
    "criteria": {
      "has_stick": "2024-07-30 00:18:09 +0000"
    },
    "done": true
  },
  "betterend:recipes/decorations/dragon_tree_chair": {
    "criteria": {
      "has_stick": "2024-07-30 00:18:09 +0000"
    },
    "done": true
  },
  "DataVersion": 3465
}